=== attempt 1 2026-07-24T23:02:29+03:00 ===
Total: 20  pending: 19  done: 1
eu_cc: 284807 rows, 492 frauds, 5-fold stratified CV (cv_seed=42)

### tabpfn_3 n_est=12: 9 cells ###
=== attempt 1 2026-07-24T23:41:37+03:00 ===
Total: 20  pending: 19  done: 1
eu_cc: 284807 rows, 492 frauds, 5-fold stratified CV (cv_seed=42)

### tabpfn_3 n_est=12: 9 cells ###
  [predict] batch 4/4 | 2197s elapsed | ETA 0s
  [1/19] tabpfn_3 fold1 natural ctx=227845 dup=1.0x: PR-AUC=0.9074 R@1=0.9293 (2200s)
  [predict] batch 4/4 | 2134s elapsed | ETA 0s
  [2/19] tabpfn_3 fold2 natural ctx=227846 dup=1.0x: PR-AUC=0.8894 R@1=0.9184 (2136s)
  [predict] batch 4/4 | 2130s elapsed | ETA 0s
  [3/19] tabpfn_3 fold3 natural ctx=227846 dup=1.0x: PR-AUC=0.8861 R@1=0.9184 (2132s)
  [predict] batch 4/4 | 2130s elapsed | ETA 0s
  [4/19] tabpfn_3 fold4 natural ctx=227846 dup=1.0x: PR-AUC=0.8545 R@1=0.8878 (2132s)
  [predict] batch 4/4 | 2206s elapsed | ETA 0s
  [5/19] tabpfn_3 fold0 r0.02 ctx=232094 dup=11.8x: PR-AUC=0.8494 R@1=0.8788 (2208s)
  [predict] batch 4/4 | 2207s elapsed | ETA 0s
  [6/19] tabpfn_3 fold1 r0.02 ctx=232094 dup=11.8x: PR-AUC=0.9013 R@1=0.9192 (2208s)
  [predict] batch 4/4 | 2206s elapsed | ETA 0s
  [7/19] tabpfn_3 fold2 r0.02 ctx=232094 dup=11.8x: PR-AUC=0.8749 R@1=0.9286 (2208s)
  [predict] batch 4/4 | 2206s elapsed | ETA 0s
  [8/19] tabpfn_3 fold3 r0.02 ctx=232094 dup=11.8x: PR-AUC=0.8773 R@1=0.9082 (2208s)
  [predict] batch 4/4 | 2206s elapsed | ETA 0s
  [9/19] tabpfn_3 fold4 r0.02 ctx=232094 dup=11.8x: PR-AUC=0.8513 R@1=0.8776 (2208s)

### tabiclv2 n_est=12: 10 cells ###
Traceback (most recent call last):
  File "/home/theo/ds-gradu/.venv/lib/python3.12/site-packages/tabicl/model/inference.py", line 995, in _allocate_output_buffer
    out = torch.empty(shape, dtype=dtype, device="cpu", pin_memory=use_pinned)
          ^^^^^^^^^^^^^^^^^^^^^^^^^^^^^^^^^^^^^^^^^^^^^^^^^^^^^^^^^^^^^^^^^^^^
torch.AcceleratorError: CUDA error: out of memory
Search for `cudaErrorMemoryAllocation' in https://docs.nvidia.com/cuda/cuda-runtime-api/group__CUDART__TYPES.html for more information.
CUDA kernel errors might be asynchronously reported at some other API call, so the stacktrace below might be incorrect.
For debugging consider passing CUDA_LAUNCH_BLOCKING=1
Compile with `TORCH_USE_CUDA_DSA` to enable device-side assertions.


The above exception was the direct cause of the following exception:

Traceback (most recent call last):
  File "/home/theo/ds-gradu/scripts/run_eucc_sota_cv.py", line 213, in <module>
    main()
  File "/home/theo/ds-gradu/scripts/run_eucc_sota_cv.py", line 166, in main
    probs = _predict_proba_batched(mdl, X[te_idx], batch_size=PREDICT_CHUNK)
            ^^^^^^^^^^^^^^^^^^^^^^^^^^^^^^^^^^^^^^^^^^^^^^^^^^^^^^^^^^^^^^^^
  File "/home/theo/ds-gradu/src/experiment/runner.py", line 290, in _predict_proba_batched
    parts.append(model.predict_proba(chunk)[:, 1])
                 ^^^^^^^^^^^^^^^^^^^^^^^^^^
  File "/home/theo/ds-gradu/src/models/ftm.py", line 203, in predict_proba
    proba = self._model.predict_proba(X)
            ^^^^^^^^^^^^^^^^^^^^^^^^^^^^
  File "/home/theo/ds-gradu/.venv/lib/python3.12/site-packages/tabicl/sklearn/classifier.py", line 727, in predict_proba
    outputs.append(self._batch_forward(Xs, ys, feature_shuffles))
                   ^^^^^^^^^^^^^^^^^^^^^^^^^^^^^^^^^^^^^^^^^^^^^
  File "/home/theo/ds-gradu/.venv/lib/python3.12/site-packages/tabicl/sklearn/classifier.py", line 597, in _batch_forward
    out = self.model_(
          ^^^^^^^^^^^^
  File "/home/theo/ds-gradu/.venv/lib/python3.12/site-packages/torch/nn/modules/module.py", line 1779, in _wrapped_call_impl
    return self._call_impl(*args, **kwargs)
           ^^^^^^^^^^^^^^^^^^^^^^^^^^^^^^^^
  File "/home/theo/ds-gradu/.venv/lib/python3.12/site-packages/torch/nn/modules/module.py", line 1790, in _call_impl
    return forward_call(*args, **kwargs)
           ^^^^^^^^^^^^^^^^^^^^^^^^^^^^^
  File "/home/theo/ds-gradu/.venv/lib/python3.12/site-packages/tabicl/model/tabicl.py", line 491, in forward
    out = self._inference_forward(
          ^^^^^^^^^^^^^^^^^^^^^^^^
  File "/home/theo/ds-gradu/.venv/lib/python3.12/site-packages/tabicl/model/tabicl.py", line 402, in _inference_forward
    self.col_embedder(
  File "/home/theo/ds-gradu/.venv/lib/python3.12/site-packages/torch/nn/modules/module.py", line 1779, in _wrapped_call_impl
    return self._call_impl(*args, **kwargs)
           ^^^^^^^^^^^^^^^^^^^^^^^^^^^^^^^^
  File "/home/theo/ds-gradu/.venv/lib/python3.12/site-packages/torch/nn/modules/module.py", line 1790, in _call_impl
    return forward_call(*args, **kwargs)
           ^^^^^^^^^^^^^^^^^^^^^^^^^^^^^
  File "/home/theo/ds-gradu/.venv/lib/python3.12/site-packages/tabicl/model/embedding.py", line 730, in forward
    embeddings = self._inference_forward(X, y_train, embed_with_test, feature_shuffles, mgr_config)
                 ^^^^^^^^^^^^^^^^^^^^^^^^^^^^^^^^^^^^^^^^^^^^^^^^^^^^^^^^^^^^^^^^^^^^^^^^^^^^^^^^^^
  File "/home/theo/ds-gradu/.venv/lib/python3.12/site-packages/tabicl/model/embedding.py", line 570, in _inference_forward
    embeddings = self._inference_with_feature_group(X, y_train, train_size, embed_with_test)
                 ^^^^^^^^^^^^^^^^^^^^^^^^^^^^^^^^^^^^^^^^^^^^^^^^^^^^^^^^^^^^^^^^^^^^^^^^^^^
  File "/home/theo/ds-gradu/.venv/lib/python3.12/site-packages/tabicl/model/embedding.py", line 594, in _inference_with_feature_group
    return self.inference_mgr(
           ^^^^^^^^^^^^^^^^^^^
  File "/home/theo/ds-gradu/.venv/lib/python3.12/site-packages/tabicl/model/inference.py", line 1198, in __call__
    outputs, _ = self._allocate_output_buffer(mode, tuple(output_shape), input_dtype)
                 ^^^^^^^^^^^^^^^^^^^^^^^^^^^^^^^^^^^^^^^^^^^^^^^^^^^^^^^^^^^^^^^^^^^^
  File "/home/theo/ds-gradu/.venv/lib/python3.12/site-packages/tabicl/model/inference.py", line 1001, in _allocate_output_buffer
    raise RuntimeError(
RuntimeError: CPU memory allocation failed (CUDA error: out of memory
Search for `cudaErrorMemoryAllocation' in https://docs.nvidia.com/cuda/cuda-runtime-api/group__CUDART__TYPES.html for more information.
CUDA kernel errors might be asynchronously reported at some other API call, so the stacktrace below might be incorrect.
For debugging consider passing CUDA_LAUNCH_BLOCKING=1
Compile with `TORCH_USE_CUDA_DSA` to enable device-side assertions.
) and disk offload is not available. Please specify disk_offload_dir in the configuration to enable disk offloading, or reduce the output size (estimated: 24327MB).
exit=1, cells still pending -- relaunching in 30s
=== attempt 2 2026-07-25T05:09:32+03:00 ===
Total: 20  pending: 10  done: 10
eu_cc: 284807 rows, 492 frauds, 5-fold stratified CV (cv_seed=42)

### tabiclv2 n_est=12: 10 cells ###
Traceback (most recent call last):
  File "/home/theo/ds-gradu/.venv/lib/python3.12/site-packages/tabicl/model/inference.py", line 995, in _allocate_output_buffer
    out = torch.empty(shape, dtype=dtype, device="cpu", pin_memory=use_pinned)
          ^^^^^^^^^^^^^^^^^^^^^^^^^^^^^^^^^^^^^^^^^^^^^^^^^^^^^^^^^^^^^^^^^^^^
torch.AcceleratorError: CUDA error: out of memory
Search for `cudaErrorMemoryAllocation' in https://docs.nvidia.com/cuda/cuda-runtime-api/group__CUDART__TYPES.html for more information.
CUDA kernel errors might be asynchronously reported at some other API call, so the stacktrace below might be incorrect.
For debugging consider passing CUDA_LAUNCH_BLOCKING=1
Compile with `TORCH_USE_CUDA_DSA` to enable device-side assertions.


The above exception was the direct cause of the following exception:

Traceback (most recent call last):
  File "/home/theo/ds-gradu/scripts/run_eucc_sota_cv.py", line 213, in <module>
    main()
  File "/home/theo/ds-gradu/scripts/run_eucc_sota_cv.py", line 166, in main
    probs = _predict_proba_batched(mdl, X[te_idx], batch_size=PREDICT_CHUNK)
            ^^^^^^^^^^^^^^^^^^^^^^^^^^^^^^^^^^^^^^^^^^^^^^^^^^^^^^^^^^^^^^^^
  File "/home/theo/ds-gradu/src/experiment/runner.py", line 290, in _predict_proba_batched
    parts.append(model.predict_proba(chunk)[:, 1])
                 ^^^^^^^^^^^^^^^^^^^^^^^^^^
  File "/home/theo/ds-gradu/src/models/ftm.py", line 203, in predict_proba
    proba = self._model.predict_proba(X)
            ^^^^^^^^^^^^^^^^^^^^^^^^^^^^
  File "/home/theo/ds-gradu/.venv/lib/python3.12/site-packages/tabicl/sklearn/classifier.py", line 727, in predict_proba
    outputs.append(self._batch_forward(Xs, ys, feature_shuffles))
                   ^^^^^^^^^^^^^^^^^^^^^^^^^^^^^^^^^^^^^^^^^^^^^
  File "/home/theo/ds-gradu/.venv/lib/python3.12/site-packages/tabicl/sklearn/classifier.py", line 597, in _batch_forward
    out = self.model_(
          ^^^^^^^^^^^^
  File "/home/theo/ds-gradu/.venv/lib/python3.12/site-packages/torch/nn/modules/module.py", line 1779, in _wrapped_call_impl
    return self._call_impl(*args, **kwargs)
           ^^^^^^^^^^^^^^^^^^^^^^^^^^^^^^^^
  File "/home/theo/ds-gradu/.venv/lib/python3.12/site-packages/torch/nn/modules/module.py", line 1790, in _call_impl
    return forward_call(*args, **kwargs)
           ^^^^^^^^^^^^^^^^^^^^^^^^^^^^^
  File "/home/theo/ds-gradu/.venv/lib/python3.12/site-packages/tabicl/model/tabicl.py", line 491, in forward
    out = self._inference_forward(
          ^^^^^^^^^^^^^^^^^^^^^^^^
  File "/home/theo/ds-gradu/.venv/lib/python3.12/site-packages/tabicl/model/tabicl.py", line 402, in _inference_forward
    self.col_embedder(
  File "/home/theo/ds-gradu/.venv/lib/python3.12/site-packages/torch/nn/modules/module.py", line 1779, in _wrapped_call_impl
    return self._call_impl(*args, **kwargs)
           ^^^^^^^^^^^^^^^^^^^^^^^^^^^^^^^^
  File "/home/theo/ds-gradu/.venv/lib/python3.12/site-packages/torch/nn/modules/module.py", line 1790, in _call_impl
    return forward_call(*args, **kwargs)
           ^^^^^^^^^^^^^^^^^^^^^^^^^^^^^
  File "/home/theo/ds-gradu/.venv/lib/python3.12/site-packages/tabicl/model/embedding.py", line 730, in forward
    embeddings = self._inference_forward(X, y_train, embed_with_test, feature_shuffles, mgr_config)
                 ^^^^^^^^^^^^^^^^^^^^^^^^^^^^^^^^^^^^^^^^^^^^^^^^^^^^^^^^^^^^^^^^^^^^^^^^^^^^^^^^^^
  File "/home/theo/ds-gradu/.venv/lib/python3.12/site-packages/tabicl/model/embedding.py", line 570, in _inference_forward
    embeddings = self._inference_with_feature_group(X, y_train, train_size, embed_with_test)
                 ^^^^^^^^^^^^^^^^^^^^^^^^^^^^^^^^^^^^^^^^^^^^^^^^^^^^^^^^^^^^^^^^^^^^^^^^^^^
  File "/home/theo/ds-gradu/.venv/lib/python3.12/site-packages/tabicl/model/embedding.py", line 594, in _inference_with_feature_group
    return self.inference_mgr(
           ^^^^^^^^^^^^^^^^^^^
  File "/home/theo/ds-gradu/.venv/lib/python3.12/site-packages/tabicl/model/inference.py", line 1198, in __call__
    outputs, _ = self._allocate_output_buffer(mode, tuple(output_shape), input_dtype)
                 ^^^^^^^^^^^^^^^^^^^^^^^^^^^^^^^^^^^^^^^^^^^^^^^^^^^^^^^^^^^^^^^^^^^^
  File "/home/theo/ds-gradu/.venv/lib/python3.12/site-packages/tabicl/model/inference.py", line 1001, in _allocate_output_buffer
    raise RuntimeError(
RuntimeError: CPU memory allocation failed (CUDA error: out of memory
Search for `cudaErrorMemoryAllocation' in https://docs.nvidia.com/cuda/cuda-runtime-api/group__CUDART__TYPES.html for more information.
CUDA kernel errors might be asynchronously reported at some other API call, so the stacktrace below might be incorrect.
For debugging consider passing CUDA_LAUNCH_BLOCKING=1
Compile with `TORCH_USE_CUDA_DSA` to enable device-side assertions.
) and disk offload is not available. Please specify disk_offload_dir in the configuration to enable disk offloading, or reduce the output size (estimated: 24327MB).
exit=1, cells still pending -- relaunching in 30s
=== attempt 3 2026-07-25T05:10:08+03:00 ===
Total: 20  pending: 10  done: 10
eu_cc: 284807 rows, 492 frauds, 5-fold stratified CV (cv_seed=42)

### tabiclv2 n_est=12: 10 cells ###
Traceback (most recent call last):
  File "/home/theo/ds-gradu/.venv/lib/python3.12/site-packages/tabicl/model/inference.py", line 995, in _allocate_output_buffer
    out = torch.empty(shape, dtype=dtype, device="cpu", pin_memory=use_pinned)
          ^^^^^^^^^^^^^^^^^^^^^^^^^^^^^^^^^^^^^^^^^^^^^^^^^^^^^^^^^^^^^^^^^^^^
torch.AcceleratorError: CUDA error: out of memory
Search for `cudaErrorMemoryAllocation' in https://docs.nvidia.com/cuda/cuda-runtime-api/group__CUDART__TYPES.html for more information.
CUDA kernel errors might be asynchronously reported at some other API call, so the stacktrace below might be incorrect.
For debugging consider passing CUDA_LAUNCH_BLOCKING=1
Compile with `TORCH_USE_CUDA_DSA` to enable device-side assertions.


The above exception was the direct cause of the following exception:

Traceback (most recent call last):
  File "/home/theo/ds-gradu/scripts/run_eucc_sota_cv.py", line 213, in <module>
    main()
  File "/home/theo/ds-gradu/scripts/run_eucc_sota_cv.py", line 166, in main
    probs = _predict_proba_batched(mdl, X[te_idx], batch_size=PREDICT_CHUNK)
            ^^^^^^^^^^^^^^^^^^^^^^^^^^^^^^^^^^^^^^^^^^^^^^^^^^^^^^^^^^^^^^^^
  File "/home/theo/ds-gradu/src/experiment/runner.py", line 290, in _predict_proba_batched
    parts.append(model.predict_proba(chunk)[:, 1])
                 ^^^^^^^^^^^^^^^^^^^^^^^^^^
  File "/home/theo/ds-gradu/src/models/ftm.py", line 203, in predict_proba
    proba = self._model.predict_proba(X)
            ^^^^^^^^^^^^^^^^^^^^^^^^^^^^
  File "/home/theo/ds-gradu/.venv/lib/python3.12/site-packages/tabicl/sklearn/classifier.py", line 727, in predict_proba
    outputs.append(self._batch_forward(Xs, ys, feature_shuffles))
                   ^^^^^^^^^^^^^^^^^^^^^^^^^^^^^^^^^^^^^^^^^^^^^
  File "/home/theo/ds-gradu/.venv/lib/python3.12/site-packages/tabicl/sklearn/classifier.py", line 597, in _batch_forward
    out = self.model_(
          ^^^^^^^^^^^^
  File "/home/theo/ds-gradu/.venv/lib/python3.12/site-packages/torch/nn/modules/module.py", line 1779, in _wrapped_call_impl
    return self._call_impl(*args, **kwargs)
           ^^^^^^^^^^^^^^^^^^^^^^^^^^^^^^^^
  File "/home/theo/ds-gradu/.venv/lib/python3.12/site-packages/torch/nn/modules/module.py", line 1790, in _call_impl
    return forward_call(*args, **kwargs)
           ^^^^^^^^^^^^^^^^^^^^^^^^^^^^^
  File "/home/theo/ds-gradu/.venv/lib/python3.12/site-packages/tabicl/model/tabicl.py", line 491, in forward
    out = self._inference_forward(
          ^^^^^^^^^^^^^^^^^^^^^^^^
  File "/home/theo/ds-gradu/.venv/lib/python3.12/site-packages/tabicl/model/tabicl.py", line 402, in _inference_forward
    self.col_embedder(
  File "/home/theo/ds-gradu/.venv/lib/python3.12/site-packages/torch/nn/modules/module.py", line 1779, in _wrapped_call_impl
    return self._call_impl(*args, **kwargs)
           ^^^^^^^^^^^^^^^^^^^^^^^^^^^^^^^^
  File "/home/theo/ds-gradu/.venv/lib/python3.12/site-packages/torch/nn/modules/module.py", line 1790, in _call_impl
    return forward_call(*args, **kwargs)
           ^^^^^^^^^^^^^^^^^^^^^^^^^^^^^
  File "/home/theo/ds-gradu/.venv/lib/python3.12/site-packages/tabicl/model/embedding.py", line 730, in forward
    embeddings = self._inference_forward(X, y_train, embed_with_test, feature_shuffles, mgr_config)
                 ^^^^^^^^^^^^^^^^^^^^^^^^^^^^^^^^^^^^^^^^^^^^^^^^^^^^^^^^^^^^^^^^^^^^^^^^^^^^^^^^^^
  File "/home/theo/ds-gradu/.venv/lib/python3.12/site-packages/tabicl/model/embedding.py", line 570, in _inference_forward
    embeddings = self._inference_with_feature_group(X, y_train, train_size, embed_with_test)
                 ^^^^^^^^^^^^^^^^^^^^^^^^^^^^^^^^^^^^^^^^^^^^^^^^^^^^^^^^^^^^^^^^^^^^^^^^^^^
  File "/home/theo/ds-gradu/.venv/lib/python3.12/site-packages/tabicl/model/embedding.py", line 594, in _inference_with_feature_group
    return self.inference_mgr(
           ^^^^^^^^^^^^^^^^^^^
  File "/home/theo/ds-gradu/.venv/lib/python3.12/site-packages/tabicl/model/inference.py", line 1198, in __call__
    outputs, _ = self._allocate_output_buffer(mode, tuple(output_shape), input_dtype)
                 ^^^^^^^^^^^^^^^^^^^^^^^^^^^^^^^^^^^^^^^^^^^^^^^^^^^^^^^^^^^^^^^^^^^^
  File "/home/theo/ds-gradu/.venv/lib/python3.12/site-packages/tabicl/model/inference.py", line 1001, in _allocate_output_buffer
    raise RuntimeError(
RuntimeError: CPU memory allocation failed (CUDA error: out of memory
Search for `cudaErrorMemoryAllocation' in https://docs.nvidia.com/cuda/cuda-runtime-api/group__CUDART__TYPES.html for more information.
CUDA kernel errors might be asynchronously reported at some other API call, so the stacktrace below might be incorrect.
For debugging consider passing CUDA_LAUNCH_BLOCKING=1
Compile with `TORCH_USE_CUDA_DSA` to enable device-side assertions.
) and disk offload is not available. Please specify disk_offload_dir in the configuration to enable disk offloading, or reduce the output size (estimated: 24327MB).
exit=1, cells still pending -- relaunching in 30s
=== attempt 4 2026-07-25T05:10:43+03:00 ===
Total: 20  pending: 10  done: 10
eu_cc: 284807 rows, 492 frauds, 5-fold stratified CV (cv_seed=42)

### tabiclv2 n_est=12: 10 cells ###
Traceback (most recent call last):
  File "/home/theo/ds-gradu/.venv/lib/python3.12/site-packages/tabicl/model/inference.py", line 995, in _allocate_output_buffer
    out = torch.empty(shape, dtype=dtype, device="cpu", pin_memory=use_pinned)
          ^^^^^^^^^^^^^^^^^^^^^^^^^^^^^^^^^^^^^^^^^^^^^^^^^^^^^^^^^^^^^^^^^^^^
torch.AcceleratorError: CUDA error: out of memory
Search for `cudaErrorMemoryAllocation' in https://docs.nvidia.com/cuda/cuda-runtime-api/group__CUDART__TYPES.html for more information.
CUDA kernel errors might be asynchronously reported at some other API call, so the stacktrace below might be incorrect.
For debugging consider passing CUDA_LAUNCH_BLOCKING=1
Compile with `TORCH_USE_CUDA_DSA` to enable device-side assertions.


The above exception was the direct cause of the following exception:

Traceback (most recent call last):
  File "/home/theo/ds-gradu/scripts/run_eucc_sota_cv.py", line 213, in <module>
    main()
  File "/home/theo/ds-gradu/scripts/run_eucc_sota_cv.py", line 166, in main
    probs = _predict_proba_batched(mdl, X[te_idx], batch_size=PREDICT_CHUNK)
            ^^^^^^^^^^^^^^^^^^^^^^^^^^^^^^^^^^^^^^^^^^^^^^^^^^^^^^^^^^^^^^^^
  File "/home/theo/ds-gradu/src/experiment/runner.py", line 290, in _predict_proba_batched
    parts.append(model.predict_proba(chunk)[:, 1])
                 ^^^^^^^^^^^^^^^^^^^^^^^^^^
  File "/home/theo/ds-gradu/src/models/ftm.py", line 203, in predict_proba
    proba = self._model.predict_proba(X)
            ^^^^^^^^^^^^^^^^^^^^^^^^^^^^
  File "/home/theo/ds-gradu/.venv/lib/python3.12/site-packages/tabicl/sklearn/classifier.py", line 727, in predict_proba
    outputs.append(self._batch_forward(Xs, ys, feature_shuffles))
                   ^^^^^^^^^^^^^^^^^^^^^^^^^^^^^^^^^^^^^^^^^^^^^
  File "/home/theo/ds-gradu/.venv/lib/python3.12/site-packages/tabicl/sklearn/classifier.py", line 597, in _batch_forward
    out = self.model_(
          ^^^^^^^^^^^^
  File "/home/theo/ds-gradu/.venv/lib/python3.12/site-packages/torch/nn/modules/module.py", line 1779, in _wrapped_call_impl
    return self._call_impl(*args, **kwargs)
           ^^^^^^^^^^^^^^^^^^^^^^^^^^^^^^^^
  File "/home/theo/ds-gradu/.venv/lib/python3.12/site-packages/torch/nn/modules/module.py", line 1790, in _call_impl
    return forward_call(*args, **kwargs)
           ^^^^^^^^^^^^^^^^^^^^^^^^^^^^^
  File "/home/theo/ds-gradu/.venv/lib/python3.12/site-packages/tabicl/model/tabicl.py", line 491, in forward
    out = self._inference_forward(
          ^^^^^^^^^^^^^^^^^^^^^^^^
  File "/home/theo/ds-gradu/.venv/lib/python3.12/site-packages/tabicl/model/tabicl.py", line 402, in _inference_forward
    self.col_embedder(
  File "/home/theo/ds-gradu/.venv/lib/python3.12/site-packages/torch/nn/modules/module.py", line 1779, in _wrapped_call_impl
    return self._call_impl(*args, **kwargs)
           ^^^^^^^^^^^^^^^^^^^^^^^^^^^^^^^^
  File "/home/theo/ds-gradu/.venv/lib/python3.12/site-packages/torch/nn/modules/module.py", line 1790, in _call_impl
    return forward_call(*args, **kwargs)
           ^^^^^^^^^^^^^^^^^^^^^^^^^^^^^
  File "/home/theo/ds-gradu/.venv/lib/python3.12/site-packages/tabicl/model/embedding.py", line 730, in forward
    embeddings = self._inference_forward(X, y_train, embed_with_test, feature_shuffles, mgr_config)
                 ^^^^^^^^^^^^^^^^^^^^^^^^^^^^^^^^^^^^^^^^^^^^^^^^^^^^^^^^^^^^^^^^^^^^^^^^^^^^^^^^^^
  File "/home/theo/ds-gradu/.venv/lib/python3.12/site-packages/tabicl/model/embedding.py", line 570, in _inference_forward
    embeddings = self._inference_with_feature_group(X, y_train, train_size, embed_with_test)
                 ^^^^^^^^^^^^^^^^^^^^^^^^^^^^^^^^^^^^^^^^^^^^^^^^^^^^^^^^^^^^^^^^^^^^^^^^^^^
  File "/home/theo/ds-gradu/.venv/lib/python3.12/site-packages/tabicl/model/embedding.py", line 594, in _inference_with_feature_group
    return self.inference_mgr(
           ^^^^^^^^^^^^^^^^^^^
  File "/home/theo/ds-gradu/.venv/lib/python3.12/site-packages/tabicl/model/inference.py", line 1198, in __call__
    outputs, _ = self._allocate_output_buffer(mode, tuple(output_shape), input_dtype)
                 ^^^^^^^^^^^^^^^^^^^^^^^^^^^^^^^^^^^^^^^^^^^^^^^^^^^^^^^^^^^^^^^^^^^^
  File "/home/theo/ds-gradu/.venv/lib/python3.12/site-packages/tabicl/model/inference.py", line 1001, in _allocate_output_buffer
    raise RuntimeError(
RuntimeError: CPU memory allocation failed (CUDA error: out of memory
Search for `cudaErrorMemoryAllocation' in https://docs.nvidia.com/cuda/cuda-runtime-api/group__CUDART__TYPES.html for more information.
CUDA kernel errors might be asynchronously reported at some other API call, so the stacktrace below might be incorrect.
For debugging consider passing CUDA_LAUNCH_BLOCKING=1
Compile with `TORCH_USE_CUDA_DSA` to enable device-side assertions.
) and disk offload is not available. Please specify disk_offload_dir in the configuration to enable disk offloading, or reduce the output size (estimated: 24327MB).
exit=1, cells still pending -- relaunching in 30s
=== attempt 5 2026-07-25T05:11:19+03:00 ===
Total: 20  pending: 10  done: 10
eu_cc: 284807 rows, 492 frauds, 5-fold stratified CV (cv_seed=42)

### tabiclv2 n_est=12: 10 cells ###
Traceback (most recent call last):
  File "/home/theo/ds-gradu/.venv/lib/python3.12/site-packages/tabicl/model/inference.py", line 995, in _allocate_output_buffer
    out = torch.empty(shape, dtype=dtype, device="cpu", pin_memory=use_pinned)
          ^^^^^^^^^^^^^^^^^^^^^^^^^^^^^^^^^^^^^^^^^^^^^^^^^^^^^^^^^^^^^^^^^^^^
torch.AcceleratorError: CUDA error: out of memory
Search for `cudaErrorMemoryAllocation' in https://docs.nvidia.com/cuda/cuda-runtime-api/group__CUDART__TYPES.html for more information.
CUDA kernel errors might be asynchronously reported at some other API call, so the stacktrace below might be incorrect.
For debugging consider passing CUDA_LAUNCH_BLOCKING=1
Compile with `TORCH_USE_CUDA_DSA` to enable device-side assertions.


The above exception was the direct cause of the following exception:

Traceback (most recent call last):
  File "/home/theo/ds-gradu/scripts/run_eucc_sota_cv.py", line 213, in <module>
    main()
  File "/home/theo/ds-gradu/scripts/run_eucc_sota_cv.py", line 166, in main
    probs = _predict_proba_batched(mdl, X[te_idx], batch_size=PREDICT_CHUNK)
            ^^^^^^^^^^^^^^^^^^^^^^^^^^^^^^^^^^^^^^^^^^^^^^^^^^^^^^^^^^^^^^^^
  File "/home/theo/ds-gradu/src/experiment/runner.py", line 290, in _predict_proba_batched
    parts.append(model.predict_proba(chunk)[:, 1])
                 ^^^^^^^^^^^^^^^^^^^^^^^^^^
  File "/home/theo/ds-gradu/src/models/ftm.py", line 203, in predict_proba
    proba = self._model.predict_proba(X)
            ^^^^^^^^^^^^^^^^^^^^^^^^^^^^
  File "/home/theo/ds-gradu/.venv/lib/python3.12/site-packages/tabicl/sklearn/classifier.py", line 727, in predict_proba
    outputs.append(self._batch_forward(Xs, ys, feature_shuffles))
                   ^^^^^^^^^^^^^^^^^^^^^^^^^^^^^^^^^^^^^^^^^^^^^
  File "/home/theo/ds-gradu/.venv/lib/python3.12/site-packages/tabicl/sklearn/classifier.py", line 597, in _batch_forward
    out = self.model_(
          ^^^^^^^^^^^^
  File "/home/theo/ds-gradu/.venv/lib/python3.12/site-packages/torch/nn/modules/module.py", line 1779, in _wrapped_call_impl
    return self._call_impl(*args, **kwargs)
           ^^^^^^^^^^^^^^^^^^^^^^^^^^^^^^^^
  File "/home/theo/ds-gradu/.venv/lib/python3.12/site-packages/torch/nn/modules/module.py", line 1790, in _call_impl
    return forward_call(*args, **kwargs)
           ^^^^^^^^^^^^^^^^^^^^^^^^^^^^^
  File "/home/theo/ds-gradu/.venv/lib/python3.12/site-packages/tabicl/model/tabicl.py", line 491, in forward
    out = self._inference_forward(
          ^^^^^^^^^^^^^^^^^^^^^^^^
  File "/home/theo/ds-gradu/.venv/lib/python3.12/site-packages/tabicl/model/tabicl.py", line 402, in _inference_forward
    self.col_embedder(
  File "/home/theo/ds-gradu/.venv/lib/python3.12/site-packages/torch/nn/modules/module.py", line 1779, in _wrapped_call_impl
    return self._call_impl(*args, **kwargs)
           ^^^^^^^^^^^^^^^^^^^^^^^^^^^^^^^^
  File "/home/theo/ds-gradu/.venv/lib/python3.12/site-packages/torch/nn/modules/module.py", line 1790, in _call_impl
    return forward_call(*args, **kwargs)
           ^^^^^^^^^^^^^^^^^^^^^^^^^^^^^
  File "/home/theo/ds-gradu/.venv/lib/python3.12/site-packages/tabicl/model/embedding.py", line 730, in forward
    embeddings = self._inference_forward(X, y_train, embed_with_test, feature_shuffles, mgr_config)
                 ^^^^^^^^^^^^^^^^^^^^^^^^^^^^^^^^^^^^^^^^^^^^^^^^^^^^^^^^^^^^^^^^^^^^^^^^^^^^^^^^^^
  File "/home/theo/ds-gradu/.venv/lib/python3.12/site-packages/tabicl/model/embedding.py", line 570, in _inference_forward
    embeddings = self._inference_with_feature_group(X, y_train, train_size, embed_with_test)
                 ^^^^^^^^^^^^^^^^^^^^^^^^^^^^^^^^^^^^^^^^^^^^^^^^^^^^^^^^^^^^^^^^^^^^^^^^^^^
  File "/home/theo/ds-gradu/.venv/lib/python3.12/site-packages/tabicl/model/embedding.py", line 594, in _inference_with_feature_group
    return self.inference_mgr(
           ^^^^^^^^^^^^^^^^^^^
  File "/home/theo/ds-gradu/.venv/lib/python3.12/site-packages/tabicl/model/inference.py", line 1198, in __call__
    outputs, _ = self._allocate_output_buffer(mode, tuple(output_shape), input_dtype)
                 ^^^^^^^^^^^^^^^^^^^^^^^^^^^^^^^^^^^^^^^^^^^^^^^^^^^^^^^^^^^^^^^^^^^^
  File "/home/theo/ds-gradu/.venv/lib/python3.12/site-packages/tabicl/model/inference.py", line 1001, in _allocate_output_buffer
    raise RuntimeError(
RuntimeError: CPU memory allocation failed (CUDA error: out of memory
Search for `cudaErrorMemoryAllocation' in https://docs.nvidia.com/cuda/cuda-runtime-api/group__CUDART__TYPES.html for more information.
CUDA kernel errors might be asynchronously reported at some other API call, so the stacktrace below might be incorrect.
For debugging consider passing CUDA_LAUNCH_BLOCKING=1
Compile with `TORCH_USE_CUDA_DSA` to enable device-side assertions.
) and disk offload is not available. Please specify disk_offload_dir in the configuration to enable disk offloading, or reduce the output size (estimated: 24327MB).
exit=1, cells still pending -- relaunching in 30s
=== attempt 6 2026-07-25T05:11:55+03:00 ===
Total: 20  pending: 10  done: 10
eu_cc: 284807 rows, 492 frauds, 5-fold stratified CV (cv_seed=42)

### tabiclv2 n_est=12: 10 cells ###
Traceback (most recent call last):
  File "/home/theo/ds-gradu/.venv/lib/python3.12/site-packages/tabicl/model/inference.py", line 995, in _allocate_output_buffer
    out = torch.empty(shape, dtype=dtype, device="cpu", pin_memory=use_pinned)
          ^^^^^^^^^^^^^^^^^^^^^^^^^^^^^^^^^^^^^^^^^^^^^^^^^^^^^^^^^^^^^^^^^^^^
torch.AcceleratorError: CUDA error: out of memory
Search for `cudaErrorMemoryAllocation' in https://docs.nvidia.com/cuda/cuda-runtime-api/group__CUDART__TYPES.html for more information.
CUDA kernel errors might be asynchronously reported at some other API call, so the stacktrace below might be incorrect.
For debugging consider passing CUDA_LAUNCH_BLOCKING=1
Compile with `TORCH_USE_CUDA_DSA` to enable device-side assertions.


The above exception was the direct cause of the following exception:

Traceback (most recent call last):
  File "/home/theo/ds-gradu/scripts/run_eucc_sota_cv.py", line 213, in <module>
    main()
  File "/home/theo/ds-gradu/scripts/run_eucc_sota_cv.py", line 166, in main
    probs = _predict_proba_batched(mdl, X[te_idx], batch_size=PREDICT_CHUNK)
            ^^^^^^^^^^^^^^^^^^^^^^^^^^^^^^^^^^^^^^^^^^^^^^^^^^^^^^^^^^^^^^^^
  File "/home/theo/ds-gradu/src/experiment/runner.py", line 290, in _predict_proba_batched
    parts.append(model.predict_proba(chunk)[:, 1])
                 ^^^^^^^^^^^^^^^^^^^^^^^^^^
  File "/home/theo/ds-gradu/src/models/ftm.py", line 203, in predict_proba
    proba = self._model.predict_proba(X)
            ^^^^^^^^^^^^^^^^^^^^^^^^^^^^
  File "/home/theo/ds-gradu/.venv/lib/python3.12/site-packages/tabicl/sklearn/classifier.py", line 727, in predict_proba
    outputs.append(self._batch_forward(Xs, ys, feature_shuffles))
                   ^^^^^^^^^^^^^^^^^^^^^^^^^^^^^^^^^^^^^^^^^^^^^
  File "/home/theo/ds-gradu/.venv/lib/python3.12/site-packages/tabicl/sklearn/classifier.py", line 597, in _batch_forward
    out = self.model_(
          ^^^^^^^^^^^^
  File "/home/theo/ds-gradu/.venv/lib/python3.12/site-packages/torch/nn/modules/module.py", line 1779, in _wrapped_call_impl
    return self._call_impl(*args, **kwargs)
           ^^^^^^^^^^^^^^^^^^^^^^^^^^^^^^^^
  File "/home/theo/ds-gradu/.venv/lib/python3.12/site-packages/torch/nn/modules/module.py", line 1790, in _call_impl
    return forward_call(*args, **kwargs)
           ^^^^^^^^^^^^^^^^^^^^^^^^^^^^^
  File "/home/theo/ds-gradu/.venv/lib/python3.12/site-packages/tabicl/model/tabicl.py", line 491, in forward
    out = self._inference_forward(
          ^^^^^^^^^^^^^^^^^^^^^^^^
  File "/home/theo/ds-gradu/.venv/lib/python3.12/site-packages/tabicl/model/tabicl.py", line 402, in _inference_forward
    self.col_embedder(
  File "/home/theo/ds-gradu/.venv/lib/python3.12/site-packages/torch/nn/modules/module.py", line 1779, in _wrapped_call_impl
    return self._call_impl(*args, **kwargs)
           ^^^^^^^^^^^^^^^^^^^^^^^^^^^^^^^^
  File "/home/theo/ds-gradu/.venv/lib/python3.12/site-packages/torch/nn/modules/module.py", line 1790, in _call_impl
    return forward_call(*args, **kwargs)
           ^^^^^^^^^^^^^^^^^^^^^^^^^^^^^
  File "/home/theo/ds-gradu/.venv/lib/python3.12/site-packages/tabicl/model/embedding.py", line 730, in forward
    embeddings = self._inference_forward(X, y_train, embed_with_test, feature_shuffles, mgr_config)
                 ^^^^^^^^^^^^^^^^^^^^^^^^^^^^^^^^^^^^^^^^^^^^^^^^^^^^^^^^^^^^^^^^^^^^^^^^^^^^^^^^^^
  File "/home/theo/ds-gradu/.venv/lib/python3.12/site-packages/tabicl/model/embedding.py", line 570, in _inference_forward
    embeddings = self._inference_with_feature_group(X, y_train, train_size, embed_with_test)
                 ^^^^^^^^^^^^^^^^^^^^^^^^^^^^^^^^^^^^^^^^^^^^^^^^^^^^^^^^^^^^^^^^^^^^^^^^^^^
  File "/home/theo/ds-gradu/.venv/lib/python3.12/site-packages/tabicl/model/embedding.py", line 594, in _inference_with_feature_group
    return self.inference_mgr(
           ^^^^^^^^^^^^^^^^^^^
  File "/home/theo/ds-gradu/.venv/lib/python3.12/site-packages/tabicl/model/inference.py", line 1198, in __call__
    outputs, _ = self._allocate_output_buffer(mode, tuple(output_shape), input_dtype)
                 ^^^^^^^^^^^^^^^^^^^^^^^^^^^^^^^^^^^^^^^^^^^^^^^^^^^^^^^^^^^^^^^^^^^^
  File "/home/theo/ds-gradu/.venv/lib/python3.12/site-packages/tabicl/model/inference.py", line 1001, in _allocate_output_buffer
    raise RuntimeError(
RuntimeError: CPU memory allocation failed (CUDA error: out of memory
Search for `cudaErrorMemoryAllocation' in https://docs.nvidia.com/cuda/cuda-runtime-api/group__CUDART__TYPES.html for more information.
CUDA kernel errors might be asynchronously reported at some other API call, so the stacktrace below might be incorrect.
For debugging consider passing CUDA_LAUNCH_BLOCKING=1
Compile with `TORCH_USE_CUDA_DSA` to enable device-side assertions.
) and disk offload is not available. Please specify disk_offload_dir in the configuration to enable disk offloading, or reduce the output size (estimated: 24327MB).
exit=1, cells still pending -- relaunching in 30s
=== attempt 7 2026-07-25T05:12:30+03:00 ===
Total: 20  pending: 10  done: 10
eu_cc: 284807 rows, 492 frauds, 5-fold stratified CV (cv_seed=42)

### tabiclv2 n_est=12: 10 cells ###
Traceback (most recent call last):
  File "/home/theo/ds-gradu/.venv/lib/python3.12/site-packages/tabicl/model/inference.py", line 995, in _allocate_output_buffer
    out = torch.empty(shape, dtype=dtype, device="cpu", pin_memory=use_pinned)
          ^^^^^^^^^^^^^^^^^^^^^^^^^^^^^^^^^^^^^^^^^^^^^^^^^^^^^^^^^^^^^^^^^^^^
torch.AcceleratorError: CUDA error: out of memory
Search for `cudaErrorMemoryAllocation' in https://docs.nvidia.com/cuda/cuda-runtime-api/group__CUDART__TYPES.html for more information.
CUDA kernel errors might be asynchronously reported at some other API call, so the stacktrace below might be incorrect.
For debugging consider passing CUDA_LAUNCH_BLOCKING=1
Compile with `TORCH_USE_CUDA_DSA` to enable device-side assertions.


The above exception was the direct cause of the following exception:

Traceback (most recent call last):
  File "/home/theo/ds-gradu/scripts/run_eucc_sota_cv.py", line 213, in <module>
    main()
  File "/home/theo/ds-gradu/scripts/run_eucc_sota_cv.py", line 166, in main
    probs = _predict_proba_batched(mdl, X[te_idx], batch_size=PREDICT_CHUNK)
            ^^^^^^^^^^^^^^^^^^^^^^^^^^^^^^^^^^^^^^^^^^^^^^^^^^^^^^^^^^^^^^^^
  File "/home/theo/ds-gradu/src/experiment/runner.py", line 290, in _predict_proba_batched
    parts.append(model.predict_proba(chunk)[:, 1])
                 ^^^^^^^^^^^^^^^^^^^^^^^^^^
  File "/home/theo/ds-gradu/src/models/ftm.py", line 203, in predict_proba
    proba = self._model.predict_proba(X)
            ^^^^^^^^^^^^^^^^^^^^^^^^^^^^
  File "/home/theo/ds-gradu/.venv/lib/python3.12/site-packages/tabicl/sklearn/classifier.py", line 727, in predict_proba
    outputs.append(self._batch_forward(Xs, ys, feature_shuffles))
                   ^^^^^^^^^^^^^^^^^^^^^^^^^^^^^^^^^^^^^^^^^^^^^
  File "/home/theo/ds-gradu/.venv/lib/python3.12/site-packages/tabicl/sklearn/classifier.py", line 597, in _batch_forward
    out = self.model_(
          ^^^^^^^^^^^^
  File "/home/theo/ds-gradu/.venv/lib/python3.12/site-packages/torch/nn/modules/module.py", line 1779, in _wrapped_call_impl
    return self._call_impl(*args, **kwargs)
           ^^^^^^^^^^^^^^^^^^^^^^^^^^^^^^^^
  File "/home/theo/ds-gradu/.venv/lib/python3.12/site-packages/torch/nn/modules/module.py", line 1790, in _call_impl
    return forward_call(*args, **kwargs)
           ^^^^^^^^^^^^^^^^^^^^^^^^^^^^^
  File "/home/theo/ds-gradu/.venv/lib/python3.12/site-packages/tabicl/model/tabicl.py", line 491, in forward
    out = self._inference_forward(
          ^^^^^^^^^^^^^^^^^^^^^^^^
  File "/home/theo/ds-gradu/.venv/lib/python3.12/site-packages/tabicl/model/tabicl.py", line 402, in _inference_forward
    self.col_embedder(
  File "/home/theo/ds-gradu/.venv/lib/python3.12/site-packages/torch/nn/modules/module.py", line 1779, in _wrapped_call_impl
    return self._call_impl(*args, **kwargs)
           ^^^^^^^^^^^^^^^^^^^^^^^^^^^^^^^^
  File "/home/theo/ds-gradu/.venv/lib/python3.12/site-packages/torch/nn/modules/module.py", line 1790, in _call_impl
    return forward_call(*args, **kwargs)
           ^^^^^^^^^^^^^^^^^^^^^^^^^^^^^
  File "/home/theo/ds-gradu/.venv/lib/python3.12/site-packages/tabicl/model/embedding.py", line 730, in forward
    embeddings = self._inference_forward(X, y_train, embed_with_test, feature_shuffles, mgr_config)
                 ^^^^^^^^^^^^^^^^^^^^^^^^^^^^^^^^^^^^^^^^^^^^^^^^^^^^^^^^^^^^^^^^^^^^^^^^^^^^^^^^^^
  File "/home/theo/ds-gradu/.venv/lib/python3.12/site-packages/tabicl/model/embedding.py", line 570, in _inference_forward
    embeddings = self._inference_with_feature_group(X, y_train, train_size, embed_with_test)
                 ^^^^^^^^^^^^^^^^^^^^^^^^^^^^^^^^^^^^^^^^^^^^^^^^^^^^^^^^^^^^^^^^^^^^^^^^^^^
  File "/home/theo/ds-gradu/.venv/lib/python3.12/site-packages/tabicl/model/embedding.py", line 594, in _inference_with_feature_group
    return self.inference_mgr(
           ^^^^^^^^^^^^^^^^^^^
  File "/home/theo/ds-gradu/.venv/lib/python3.12/site-packages/tabicl/model/inference.py", line 1198, in __call__
    outputs, _ = self._allocate_output_buffer(mode, tuple(output_shape), input_dtype)
                 ^^^^^^^^^^^^^^^^^^^^^^^^^^^^^^^^^^^^^^^^^^^^^^^^^^^^^^^^^^^^^^^^^^^^
  File "/home/theo/ds-gradu/.venv/lib/python3.12/site-packages/tabicl/model/inference.py", line 1001, in _allocate_output_buffer
    raise RuntimeError(
RuntimeError: CPU memory allocation failed (CUDA error: out of memory
Search for `cudaErrorMemoryAllocation' in https://docs.nvidia.com/cuda/cuda-runtime-api/group__CUDART__TYPES.html for more information.
CUDA kernel errors might be asynchronously reported at some other API call, so the stacktrace below might be incorrect.
For debugging consider passing CUDA_LAUNCH_BLOCKING=1
Compile with `TORCH_USE_CUDA_DSA` to enable device-side assertions.
) and disk offload is not available. Please specify disk_offload_dir in the configuration to enable disk offloading, or reduce the output size (estimated: 24327MB).
exit=1, cells still pending -- relaunching in 30s
=== attempt 8 2026-07-25T05:13:06+03:00 ===
Total: 20  pending: 10  done: 10
eu_cc: 284807 rows, 492 frauds, 5-fold stratified CV (cv_seed=42)

### tabiclv2 n_est=12: 10 cells ###
Traceback (most recent call last):
  File "/home/theo/ds-gradu/.venv/lib/python3.12/site-packages/tabicl/model/inference.py", line 995, in _allocate_output_buffer
    out = torch.empty(shape, dtype=dtype, device="cpu", pin_memory=use_pinned)
          ^^^^^^^^^^^^^^^^^^^^^^^^^^^^^^^^^^^^^^^^^^^^^^^^^^^^^^^^^^^^^^^^^^^^
torch.AcceleratorError: CUDA error: out of memory
Search for `cudaErrorMemoryAllocation' in https://docs.nvidia.com/cuda/cuda-runtime-api/group__CUDART__TYPES.html for more information.
CUDA kernel errors might be asynchronously reported at some other API call, so the stacktrace below might be incorrect.
For debugging consider passing CUDA_LAUNCH_BLOCKING=1
Compile with `TORCH_USE_CUDA_DSA` to enable device-side assertions.


The above exception was the direct cause of the following exception:

Traceback (most recent call last):
  File "/home/theo/ds-gradu/scripts/run_eucc_sota_cv.py", line 213, in <module>
    main()
  File "/home/theo/ds-gradu/scripts/run_eucc_sota_cv.py", line 166, in main
    probs = _predict_proba_batched(mdl, X[te_idx], batch_size=PREDICT_CHUNK)
            ^^^^^^^^^^^^^^^^^^^^^^^^^^^^^^^^^^^^^^^^^^^^^^^^^^^^^^^^^^^^^^^^
  File "/home/theo/ds-gradu/src/experiment/runner.py", line 290, in _predict_proba_batched
    parts.append(model.predict_proba(chunk)[:, 1])
                 ^^^^^^^^^^^^^^^^^^^^^^^^^^
  File "/home/theo/ds-gradu/src/models/ftm.py", line 203, in predict_proba
    proba = self._model.predict_proba(X)
            ^^^^^^^^^^^^^^^^^^^^^^^^^^^^
  File "/home/theo/ds-gradu/.venv/lib/python3.12/site-packages/tabicl/sklearn/classifier.py", line 727, in predict_proba
    outputs.append(self._batch_forward(Xs, ys, feature_shuffles))
                   ^^^^^^^^^^^^^^^^^^^^^^^^^^^^^^^^^^^^^^^^^^^^^
  File "/home/theo/ds-gradu/.venv/lib/python3.12/site-packages/tabicl/sklearn/classifier.py", line 597, in _batch_forward
    out = self.model_(
          ^^^^^^^^^^^^
  File "/home/theo/ds-gradu/.venv/lib/python3.12/site-packages/torch/nn/modules/module.py", line 1779, in _wrapped_call_impl
    return self._call_impl(*args, **kwargs)
           ^^^^^^^^^^^^^^^^^^^^^^^^^^^^^^^^
  File "/home/theo/ds-gradu/.venv/lib/python3.12/site-packages/torch/nn/modules/module.py", line 1790, in _call_impl
    return forward_call(*args, **kwargs)
           ^^^^^^^^^^^^^^^^^^^^^^^^^^^^^
  File "/home/theo/ds-gradu/.venv/lib/python3.12/site-packages/tabicl/model/tabicl.py", line 491, in forward
    out = self._inference_forward(
          ^^^^^^^^^^^^^^^^^^^^^^^^
  File "/home/theo/ds-gradu/.venv/lib/python3.12/site-packages/tabicl/model/tabicl.py", line 402, in _inference_forward
    self.col_embedder(
  File "/home/theo/ds-gradu/.venv/lib/python3.12/site-packages/torch/nn/modules/module.py", line 1779, in _wrapped_call_impl
    return self._call_impl(*args, **kwargs)
           ^^^^^^^^^^^^^^^^^^^^^^^^^^^^^^^^
  File "/home/theo/ds-gradu/.venv/lib/python3.12/site-packages/torch/nn/modules/module.py", line 1790, in _call_impl
    return forward_call(*args, **kwargs)
           ^^^^^^^^^^^^^^^^^^^^^^^^^^^^^
  File "/home/theo/ds-gradu/.venv/lib/python3.12/site-packages/tabicl/model/embedding.py", line 730, in forward
    embeddings = self._inference_forward(X, y_train, embed_with_test, feature_shuffles, mgr_config)
                 ^^^^^^^^^^^^^^^^^^^^^^^^^^^^^^^^^^^^^^^^^^^^^^^^^^^^^^^^^^^^^^^^^^^^^^^^^^^^^^^^^^
  File "/home/theo/ds-gradu/.venv/lib/python3.12/site-packages/tabicl/model/embedding.py", line 570, in _inference_forward
    embeddings = self._inference_with_feature_group(X, y_train, train_size, embed_with_test)
                 ^^^^^^^^^^^^^^^^^^^^^^^^^^^^^^^^^^^^^^^^^^^^^^^^^^^^^^^^^^^^^^^^^^^^^^^^^^^
  File "/home/theo/ds-gradu/.venv/lib/python3.12/site-packages/tabicl/model/embedding.py", line 594, in _inference_with_feature_group
    return self.inference_mgr(
           ^^^^^^^^^^^^^^^^^^^
  File "/home/theo/ds-gradu/.venv/lib/python3.12/site-packages/tabicl/model/inference.py", line 1198, in __call__
    outputs, _ = self._allocate_output_buffer(mode, tuple(output_shape), input_dtype)
                 ^^^^^^^^^^^^^^^^^^^^^^^^^^^^^^^^^^^^^^^^^^^^^^^^^^^^^^^^^^^^^^^^^^^^
  File "/home/theo/ds-gradu/.venv/lib/python3.12/site-packages/tabicl/model/inference.py", line 1001, in _allocate_output_buffer
    raise RuntimeError(
RuntimeError: CPU memory allocation failed (CUDA error: out of memory
Search for `cudaErrorMemoryAllocation' in https://docs.nvidia.com/cuda/cuda-runtime-api/group__CUDART__TYPES.html for more information.
CUDA kernel errors might be asynchronously reported at some other API call, so the stacktrace below might be incorrect.
For debugging consider passing CUDA_LAUNCH_BLOCKING=1
Compile with `TORCH_USE_CUDA_DSA` to enable device-side assertions.
) and disk offload is not available. Please specify disk_offload_dir in the configuration to enable disk offloading, or reduce the output size (estimated: 24327MB).
exit=1, cells still pending -- relaunching in 30s
=== attempt 9 2026-07-25T05:13:41+03:00 ===
Total: 20  pending: 10  done: 10
eu_cc: 284807 rows, 492 frauds, 5-fold stratified CV (cv_seed=42)

### tabiclv2 n_est=12: 10 cells ###
Traceback (most recent call last):
  File "/home/theo/ds-gradu/.venv/lib/python3.12/site-packages/tabicl/model/inference.py", line 995, in _allocate_output_buffer
    out = torch.empty(shape, dtype=dtype, device="cpu", pin_memory=use_pinned)
          ^^^^^^^^^^^^^^^^^^^^^^^^^^^^^^^^^^^^^^^^^^^^^^^^^^^^^^^^^^^^^^^^^^^^
torch.AcceleratorError: CUDA error: out of memory
Search for `cudaErrorMemoryAllocation' in https://docs.nvidia.com/cuda/cuda-runtime-api/group__CUDART__TYPES.html for more information.
CUDA kernel errors might be asynchronously reported at some other API call, so the stacktrace below might be incorrect.
For debugging consider passing CUDA_LAUNCH_BLOCKING=1
Compile with `TORCH_USE_CUDA_DSA` to enable device-side assertions.


The above exception was the direct cause of the following exception:

Traceback (most recent call last):
  File "/home/theo/ds-gradu/scripts/run_eucc_sota_cv.py", line 213, in <module>
    main()
  File "/home/theo/ds-gradu/scripts/run_eucc_sota_cv.py", line 166, in main
    probs = _predict_proba_batched(mdl, X[te_idx], batch_size=PREDICT_CHUNK)
            ^^^^^^^^^^^^^^^^^^^^^^^^^^^^^^^^^^^^^^^^^^^^^^^^^^^^^^^^^^^^^^^^
  File "/home/theo/ds-gradu/src/experiment/runner.py", line 290, in _predict_proba_batched
    parts.append(model.predict_proba(chunk)[:, 1])
                 ^^^^^^^^^^^^^^^^^^^^^^^^^^
  File "/home/theo/ds-gradu/src/models/ftm.py", line 203, in predict_proba
    proba = self._model.predict_proba(X)
            ^^^^^^^^^^^^^^^^^^^^^^^^^^^^
  File "/home/theo/ds-gradu/.venv/lib/python3.12/site-packages/tabicl/sklearn/classifier.py", line 727, in predict_proba
    outputs.append(self._batch_forward(Xs, ys, feature_shuffles))
                   ^^^^^^^^^^^^^^^^^^^^^^^^^^^^^^^^^^^^^^^^^^^^^
  File "/home/theo/ds-gradu/.venv/lib/python3.12/site-packages/tabicl/sklearn/classifier.py", line 597, in _batch_forward
    out = self.model_(
          ^^^^^^^^^^^^
  File "/home/theo/ds-gradu/.venv/lib/python3.12/site-packages/torch/nn/modules/module.py", line 1779, in _wrapped_call_impl
    return self._call_impl(*args, **kwargs)
           ^^^^^^^^^^^^^^^^^^^^^^^^^^^^^^^^
  File "/home/theo/ds-gradu/.venv/lib/python3.12/site-packages/torch/nn/modules/module.py", line 1790, in _call_impl
    return forward_call(*args, **kwargs)
           ^^^^^^^^^^^^^^^^^^^^^^^^^^^^^
  File "/home/theo/ds-gradu/.venv/lib/python3.12/site-packages/tabicl/model/tabicl.py", line 491, in forward
    out = self._inference_forward(
          ^^^^^^^^^^^^^^^^^^^^^^^^
  File "/home/theo/ds-gradu/.venv/lib/python3.12/site-packages/tabicl/model/tabicl.py", line 402, in _inference_forward
    self.col_embedder(
  File "/home/theo/ds-gradu/.venv/lib/python3.12/site-packages/torch/nn/modules/module.py", line 1779, in _wrapped_call_impl
    return self._call_impl(*args, **kwargs)
           ^^^^^^^^^^^^^^^^^^^^^^^^^^^^^^^^
  File "/home/theo/ds-gradu/.venv/lib/python3.12/site-packages/torch/nn/modules/module.py", line 1790, in _call_impl
    return forward_call(*args, **kwargs)
           ^^^^^^^^^^^^^^^^^^^^^^^^^^^^^
  File "/home/theo/ds-gradu/.venv/lib/python3.12/site-packages/tabicl/model/embedding.py", line 730, in forward
    embeddings = self._inference_forward(X, y_train, embed_with_test, feature_shuffles, mgr_config)
                 ^^^^^^^^^^^^^^^^^^^^^^^^^^^^^^^^^^^^^^^^^^^^^^^^^^^^^^^^^^^^^^^^^^^^^^^^^^^^^^^^^^
  File "/home/theo/ds-gradu/.venv/lib/python3.12/site-packages/tabicl/model/embedding.py", line 570, in _inference_forward
    embeddings = self._inference_with_feature_group(X, y_train, train_size, embed_with_test)
                 ^^^^^^^^^^^^^^^^^^^^^^^^^^^^^^^^^^^^^^^^^^^^^^^^^^^^^^^^^^^^^^^^^^^^^^^^^^^
  File "/home/theo/ds-gradu/.venv/lib/python3.12/site-packages/tabicl/model/embedding.py", line 594, in _inference_with_feature_group
    return self.inference_mgr(
           ^^^^^^^^^^^^^^^^^^^
  File "/home/theo/ds-gradu/.venv/lib/python3.12/site-packages/tabicl/model/inference.py", line 1198, in __call__
    outputs, _ = self._allocate_output_buffer(mode, tuple(output_shape), input_dtype)
                 ^^^^^^^^^^^^^^^^^^^^^^^^^^^^^^^^^^^^^^^^^^^^^^^^^^^^^^^^^^^^^^^^^^^^
  File "/home/theo/ds-gradu/.venv/lib/python3.12/site-packages/tabicl/model/inference.py", line 1001, in _allocate_output_buffer
    raise RuntimeError(
RuntimeError: CPU memory allocation failed (CUDA error: out of memory
Search for `cudaErrorMemoryAllocation' in https://docs.nvidia.com/cuda/cuda-runtime-api/group__CUDART__TYPES.html for more information.
CUDA kernel errors might be asynchronously reported at some other API call, so the stacktrace below might be incorrect.
For debugging consider passing CUDA_LAUNCH_BLOCKING=1
Compile with `TORCH_USE_CUDA_DSA` to enable device-side assertions.
) and disk offload is not available. Please specify disk_offload_dir in the configuration to enable disk offloading, or reduce the output size (estimated: 24327MB).
exit=1, cells still pending -- relaunching in 30s
=== attempt 10 2026-07-25T05:14:17+03:00 ===
Total: 20  pending: 10  done: 10
eu_cc: 284807 rows, 492 frauds, 5-fold stratified CV (cv_seed=42)

### tabiclv2 n_est=12: 10 cells ###
Traceback (most recent call last):
  File "/home/theo/ds-gradu/.venv/lib/python3.12/site-packages/tabicl/model/inference.py", line 995, in _allocate_output_buffer
    out = torch.empty(shape, dtype=dtype, device="cpu", pin_memory=use_pinned)
          ^^^^^^^^^^^^^^^^^^^^^^^^^^^^^^^^^^^^^^^^^^^^^^^^^^^^^^^^^^^^^^^^^^^^
torch.AcceleratorError: CUDA error: out of memory
Search for `cudaErrorMemoryAllocation' in https://docs.nvidia.com/cuda/cuda-runtime-api/group__CUDART__TYPES.html for more information.
CUDA kernel errors might be asynchronously reported at some other API call, so the stacktrace below might be incorrect.
For debugging consider passing CUDA_LAUNCH_BLOCKING=1
Compile with `TORCH_USE_CUDA_DSA` to enable device-side assertions.


The above exception was the direct cause of the following exception:

Traceback (most recent call last):
  File "/home/theo/ds-gradu/scripts/run_eucc_sota_cv.py", line 213, in <module>
    main()
  File "/home/theo/ds-gradu/scripts/run_eucc_sota_cv.py", line 166, in main
    probs = _predict_proba_batched(mdl, X[te_idx], batch_size=PREDICT_CHUNK)
            ^^^^^^^^^^^^^^^^^^^^^^^^^^^^^^^^^^^^^^^^^^^^^^^^^^^^^^^^^^^^^^^^
  File "/home/theo/ds-gradu/src/experiment/runner.py", line 290, in _predict_proba_batched
    parts.append(model.predict_proba(chunk)[:, 1])
                 ^^^^^^^^^^^^^^^^^^^^^^^^^^
  File "/home/theo/ds-gradu/src/models/ftm.py", line 203, in predict_proba
    proba = self._model.predict_proba(X)
            ^^^^^^^^^^^^^^^^^^^^^^^^^^^^
  File "/home/theo/ds-gradu/.venv/lib/python3.12/site-packages/tabicl/sklearn/classifier.py", line 727, in predict_proba
    outputs.append(self._batch_forward(Xs, ys, feature_shuffles))
                   ^^^^^^^^^^^^^^^^^^^^^^^^^^^^^^^^^^^^^^^^^^^^^
  File "/home/theo/ds-gradu/.venv/lib/python3.12/site-packages/tabicl/sklearn/classifier.py", line 597, in _batch_forward
    out = self.model_(
          ^^^^^^^^^^^^
  File "/home/theo/ds-gradu/.venv/lib/python3.12/site-packages/torch/nn/modules/module.py", line 1779, in _wrapped_call_impl
    return self._call_impl(*args, **kwargs)
           ^^^^^^^^^^^^^^^^^^^^^^^^^^^^^^^^
  File "/home/theo/ds-gradu/.venv/lib/python3.12/site-packages/torch/nn/modules/module.py", line 1790, in _call_impl
    return forward_call(*args, **kwargs)
           ^^^^^^^^^^^^^^^^^^^^^^^^^^^^^
  File "/home/theo/ds-gradu/.venv/lib/python3.12/site-packages/tabicl/model/tabicl.py", line 491, in forward
    out = self._inference_forward(
          ^^^^^^^^^^^^^^^^^^^^^^^^
  File "/home/theo/ds-gradu/.venv/lib/python3.12/site-packages/tabicl/model/tabicl.py", line 402, in _inference_forward
    self.col_embedder(
  File "/home/theo/ds-gradu/.venv/lib/python3.12/site-packages/torch/nn/modules/module.py", line 1779, in _wrapped_call_impl
    return self._call_impl(*args, **kwargs)
           ^^^^^^^^^^^^^^^^^^^^^^^^^^^^^^^^
  File "/home/theo/ds-gradu/.venv/lib/python3.12/site-packages/torch/nn/modules/module.py", line 1790, in _call_impl
    return forward_call(*args, **kwargs)
           ^^^^^^^^^^^^^^^^^^^^^^^^^^^^^
  File "/home/theo/ds-gradu/.venv/lib/python3.12/site-packages/tabicl/model/embedding.py", line 730, in forward
    embeddings = self._inference_forward(X, y_train, embed_with_test, feature_shuffles, mgr_config)
                 ^^^^^^^^^^^^^^^^^^^^^^^^^^^^^^^^^^^^^^^^^^^^^^^^^^^^^^^^^^^^^^^^^^^^^^^^^^^^^^^^^^
  File "/home/theo/ds-gradu/.venv/lib/python3.12/site-packages/tabicl/model/embedding.py", line 570, in _inference_forward
    embeddings = self._inference_with_feature_group(X, y_train, train_size, embed_with_test)
                 ^^^^^^^^^^^^^^^^^^^^^^^^^^^^^^^^^^^^^^^^^^^^^^^^^^^^^^^^^^^^^^^^^^^^^^^^^^^
  File "/home/theo/ds-gradu/.venv/lib/python3.12/site-packages/tabicl/model/embedding.py", line 594, in _inference_with_feature_group
    return self.inference_mgr(
           ^^^^^^^^^^^^^^^^^^^
  File "/home/theo/ds-gradu/.venv/lib/python3.12/site-packages/tabicl/model/inference.py", line 1198, in __call__
    outputs, _ = self._allocate_output_buffer(mode, tuple(output_shape), input_dtype)
                 ^^^^^^^^^^^^^^^^^^^^^^^^^^^^^^^^^^^^^^^^^^^^^^^^^^^^^^^^^^^^^^^^^^^^
  File "/home/theo/ds-gradu/.venv/lib/python3.12/site-packages/tabicl/model/inference.py", line 1001, in _allocate_output_buffer
    raise RuntimeError(
RuntimeError: CPU memory allocation failed (CUDA error: out of memory
Search for `cudaErrorMemoryAllocation' in https://docs.nvidia.com/cuda/cuda-runtime-api/group__CUDART__TYPES.html for more information.
CUDA kernel errors might be asynchronously reported at some other API call, so the stacktrace below might be incorrect.
For debugging consider passing CUDA_LAUNCH_BLOCKING=1
Compile with `TORCH_USE_CUDA_DSA` to enable device-side assertions.
) and disk offload is not available. Please specify disk_offload_dir in the configuration to enable disk offloading, or reduce the output size (estimated: 24327MB).
exit=1, cells still pending -- relaunching in 30s
=== attempt 11 2026-07-25T05:14:52+03:00 ===
Total: 20  pending: 10  done: 10
eu_cc: 284807 rows, 492 frauds, 5-fold stratified CV (cv_seed=42)

### tabiclv2 n_est=12: 10 cells ###
Traceback (most recent call last):
  File "/home/theo/ds-gradu/.venv/lib/python3.12/site-packages/tabicl/model/inference.py", line 995, in _allocate_output_buffer
    out = torch.empty(shape, dtype=dtype, device="cpu", pin_memory=use_pinned)
          ^^^^^^^^^^^^^^^^^^^^^^^^^^^^^^^^^^^^^^^^^^^^^^^^^^^^^^^^^^^^^^^^^^^^
torch.AcceleratorError: CUDA error: out of memory
Search for `cudaErrorMemoryAllocation' in https://docs.nvidia.com/cuda/cuda-runtime-api/group__CUDART__TYPES.html for more information.
CUDA kernel errors might be asynchronously reported at some other API call, so the stacktrace below might be incorrect.
For debugging consider passing CUDA_LAUNCH_BLOCKING=1
Compile with `TORCH_USE_CUDA_DSA` to enable device-side assertions.


The above exception was the direct cause of the following exception:

Traceback (most recent call last):
  File "/home/theo/ds-gradu/scripts/run_eucc_sota_cv.py", line 213, in <module>
    main()
  File "/home/theo/ds-gradu/scripts/run_eucc_sota_cv.py", line 166, in main
    probs = _predict_proba_batched(mdl, X[te_idx], batch_size=PREDICT_CHUNK)
            ^^^^^^^^^^^^^^^^^^^^^^^^^^^^^^^^^^^^^^^^^^^^^^^^^^^^^^^^^^^^^^^^
  File "/home/theo/ds-gradu/src/experiment/runner.py", line 290, in _predict_proba_batched
    parts.append(model.predict_proba(chunk)[:, 1])
                 ^^^^^^^^^^^^^^^^^^^^^^^^^^
  File "/home/theo/ds-gradu/src/models/ftm.py", line 203, in predict_proba
    proba = self._model.predict_proba(X)
            ^^^^^^^^^^^^^^^^^^^^^^^^^^^^
  File "/home/theo/ds-gradu/.venv/lib/python3.12/site-packages/tabicl/sklearn/classifier.py", line 727, in predict_proba
    outputs.append(self._batch_forward(Xs, ys, feature_shuffles))
                   ^^^^^^^^^^^^^^^^^^^^^^^^^^^^^^^^^^^^^^^^^^^^^
  File "/home/theo/ds-gradu/.venv/lib/python3.12/site-packages/tabicl/sklearn/classifier.py", line 597, in _batch_forward
    out = self.model_(
          ^^^^^^^^^^^^
  File "/home/theo/ds-gradu/.venv/lib/python3.12/site-packages/torch/nn/modules/module.py", line 1779, in _wrapped_call_impl
    return self._call_impl(*args, **kwargs)
           ^^^^^^^^^^^^^^^^^^^^^^^^^^^^^^^^
  File "/home/theo/ds-gradu/.venv/lib/python3.12/site-packages/torch/nn/modules/module.py", line 1790, in _call_impl
    return forward_call(*args, **kwargs)
           ^^^^^^^^^^^^^^^^^^^^^^^^^^^^^
  File "/home/theo/ds-gradu/.venv/lib/python3.12/site-packages/tabicl/model/tabicl.py", line 491, in forward
    out = self._inference_forward(
          ^^^^^^^^^^^^^^^^^^^^^^^^
  File "/home/theo/ds-gradu/.venv/lib/python3.12/site-packages/tabicl/model/tabicl.py", line 402, in _inference_forward
    self.col_embedder(
  File "/home/theo/ds-gradu/.venv/lib/python3.12/site-packages/torch/nn/modules/module.py", line 1779, in _wrapped_call_impl
    return self._call_impl(*args, **kwargs)
           ^^^^^^^^^^^^^^^^^^^^^^^^^^^^^^^^
  File "/home/theo/ds-gradu/.venv/lib/python3.12/site-packages/torch/nn/modules/module.py", line 1790, in _call_impl
    return forward_call(*args, **kwargs)
           ^^^^^^^^^^^^^^^^^^^^^^^^^^^^^
  File "/home/theo/ds-gradu/.venv/lib/python3.12/site-packages/tabicl/model/embedding.py", line 730, in forward
    embeddings = self._inference_forward(X, y_train, embed_with_test, feature_shuffles, mgr_config)
                 ^^^^^^^^^^^^^^^^^^^^^^^^^^^^^^^^^^^^^^^^^^^^^^^^^^^^^^^^^^^^^^^^^^^^^^^^^^^^^^^^^^
  File "/home/theo/ds-gradu/.venv/lib/python3.12/site-packages/tabicl/model/embedding.py", line 570, in _inference_forward
    embeddings = self._inference_with_feature_group(X, y_train, train_size, embed_with_test)
                 ^^^^^^^^^^^^^^^^^^^^^^^^^^^^^^^^^^^^^^^^^^^^^^^^^^^^^^^^^^^^^^^^^^^^^^^^^^^
  File "/home/theo/ds-gradu/.venv/lib/python3.12/site-packages/tabicl/model/embedding.py", line 594, in _inference_with_feature_group
    return self.inference_mgr(
           ^^^^^^^^^^^^^^^^^^^
  File "/home/theo/ds-gradu/.venv/lib/python3.12/site-packages/tabicl/model/inference.py", line 1198, in __call__
    outputs, _ = self._allocate_output_buffer(mode, tuple(output_shape), input_dtype)
                 ^^^^^^^^^^^^^^^^^^^^^^^^^^^^^^^^^^^^^^^^^^^^^^^^^^^^^^^^^^^^^^^^^^^^
  File "/home/theo/ds-gradu/.venv/lib/python3.12/site-packages/tabicl/model/inference.py", line 1001, in _allocate_output_buffer
    raise RuntimeError(
RuntimeError: CPU memory allocation failed (CUDA error: out of memory
Search for `cudaErrorMemoryAllocation' in https://docs.nvidia.com/cuda/cuda-runtime-api/group__CUDART__TYPES.html for more information.
CUDA kernel errors might be asynchronously reported at some other API call, so the stacktrace below might be incorrect.
For debugging consider passing CUDA_LAUNCH_BLOCKING=1
Compile with `TORCH_USE_CUDA_DSA` to enable device-side assertions.
) and disk offload is not available. Please specify disk_offload_dir in the configuration to enable disk offloading, or reduce the output size (estimated: 24327MB).
exit=1, cells still pending -- relaunching in 30s
=== attempt 12 2026-07-25T05:15:28+03:00 ===
Total: 20  pending: 10  done: 10
eu_cc: 284807 rows, 492 frauds, 5-fold stratified CV (cv_seed=42)

### tabiclv2 n_est=12: 10 cells ###
Traceback (most recent call last):
  File "/home/theo/ds-gradu/.venv/lib/python3.12/site-packages/tabicl/model/inference.py", line 995, in _allocate_output_buffer
    out = torch.empty(shape, dtype=dtype, device="cpu", pin_memory=use_pinned)
          ^^^^^^^^^^^^^^^^^^^^^^^^^^^^^^^^^^^^^^^^^^^^^^^^^^^^^^^^^^^^^^^^^^^^
torch.AcceleratorError: CUDA error: out of memory
Search for `cudaErrorMemoryAllocation' in https://docs.nvidia.com/cuda/cuda-runtime-api/group__CUDART__TYPES.html for more information.
CUDA kernel errors might be asynchronously reported at some other API call, so the stacktrace below might be incorrect.
For debugging consider passing CUDA_LAUNCH_BLOCKING=1
Compile with `TORCH_USE_CUDA_DSA` to enable device-side assertions.


The above exception was the direct cause of the following exception:

Traceback (most recent call last):
  File "/home/theo/ds-gradu/scripts/run_eucc_sota_cv.py", line 213, in <module>
    main()
  File "/home/theo/ds-gradu/scripts/run_eucc_sota_cv.py", line 166, in main
    probs = _predict_proba_batched(mdl, X[te_idx], batch_size=PREDICT_CHUNK)
            ^^^^^^^^^^^^^^^^^^^^^^^^^^^^^^^^^^^^^^^^^^^^^^^^^^^^^^^^^^^^^^^^
  File "/home/theo/ds-gradu/src/experiment/runner.py", line 290, in _predict_proba_batched
    parts.append(model.predict_proba(chunk)[:, 1])
                 ^^^^^^^^^^^^^^^^^^^^^^^^^^
  File "/home/theo/ds-gradu/src/models/ftm.py", line 203, in predict_proba
    proba = self._model.predict_proba(X)
            ^^^^^^^^^^^^^^^^^^^^^^^^^^^^
  File "/home/theo/ds-gradu/.venv/lib/python3.12/site-packages/tabicl/sklearn/classifier.py", line 727, in predict_proba
    outputs.append(self._batch_forward(Xs, ys, feature_shuffles))
                   ^^^^^^^^^^^^^^^^^^^^^^^^^^^^^^^^^^^^^^^^^^^^^
  File "/home/theo/ds-gradu/.venv/lib/python3.12/site-packages/tabicl/sklearn/classifier.py", line 597, in _batch_forward
    out = self.model_(
          ^^^^^^^^^^^^
  File "/home/theo/ds-gradu/.venv/lib/python3.12/site-packages/torch/nn/modules/module.py", line 1779, in _wrapped_call_impl
    return self._call_impl(*args, **kwargs)
           ^^^^^^^^^^^^^^^^^^^^^^^^^^^^^^^^
  File "/home/theo/ds-gradu/.venv/lib/python3.12/site-packages/torch/nn/modules/module.py", line 1790, in _call_impl
    return forward_call(*args, **kwargs)
           ^^^^^^^^^^^^^^^^^^^^^^^^^^^^^
  File "/home/theo/ds-gradu/.venv/lib/python3.12/site-packages/tabicl/model/tabicl.py", line 491, in forward
    out = self._inference_forward(
          ^^^^^^^^^^^^^^^^^^^^^^^^
  File "/home/theo/ds-gradu/.venv/lib/python3.12/site-packages/tabicl/model/tabicl.py", line 402, in _inference_forward
    self.col_embedder(
  File "/home/theo/ds-gradu/.venv/lib/python3.12/site-packages/torch/nn/modules/module.py", line 1779, in _wrapped_call_impl
    return self._call_impl(*args, **kwargs)
           ^^^^^^^^^^^^^^^^^^^^^^^^^^^^^^^^
  File "/home/theo/ds-gradu/.venv/lib/python3.12/site-packages/torch/nn/modules/module.py", line 1790, in _call_impl
    return forward_call(*args, **kwargs)
           ^^^^^^^^^^^^^^^^^^^^^^^^^^^^^
  File "/home/theo/ds-gradu/.venv/lib/python3.12/site-packages/tabicl/model/embedding.py", line 730, in forward
    embeddings = self._inference_forward(X, y_train, embed_with_test, feature_shuffles, mgr_config)
                 ^^^^^^^^^^^^^^^^^^^^^^^^^^^^^^^^^^^^^^^^^^^^^^^^^^^^^^^^^^^^^^^^^^^^^^^^^^^^^^^^^^
  File "/home/theo/ds-gradu/.venv/lib/python3.12/site-packages/tabicl/model/embedding.py", line 570, in _inference_forward
    embeddings = self._inference_with_feature_group(X, y_train, train_size, embed_with_test)
                 ^^^^^^^^^^^^^^^^^^^^^^^^^^^^^^^^^^^^^^^^^^^^^^^^^^^^^^^^^^^^^^^^^^^^^^^^^^^
  File "/home/theo/ds-gradu/.venv/lib/python3.12/site-packages/tabicl/model/embedding.py", line 594, in _inference_with_feature_group
    return self.inference_mgr(
           ^^^^^^^^^^^^^^^^^^^
  File "/home/theo/ds-gradu/.venv/lib/python3.12/site-packages/tabicl/model/inference.py", line 1198, in __call__
    outputs, _ = self._allocate_output_buffer(mode, tuple(output_shape), input_dtype)
                 ^^^^^^^^^^^^^^^^^^^^^^^^^^^^^^^^^^^^^^^^^^^^^^^^^^^^^^^^^^^^^^^^^^^^
  File "/home/theo/ds-gradu/.venv/lib/python3.12/site-packages/tabicl/model/inference.py", line 1001, in _allocate_output_buffer
    raise RuntimeError(
RuntimeError: CPU memory allocation failed (CUDA error: out of memory
Search for `cudaErrorMemoryAllocation' in https://docs.nvidia.com/cuda/cuda-runtime-api/group__CUDART__TYPES.html for more information.
CUDA kernel errors might be asynchronously reported at some other API call, so the stacktrace below might be incorrect.
For debugging consider passing CUDA_LAUNCH_BLOCKING=1
Compile with `TORCH_USE_CUDA_DSA` to enable device-side assertions.
) and disk offload is not available. Please specify disk_offload_dir in the configuration to enable disk offloading, or reduce the output size (estimated: 24327MB).
exit=1, cells still pending -- relaunching in 30s
=== attempt 13 2026-07-25T05:16:04+03:00 ===
Total: 20  pending: 10  done: 10
eu_cc: 284807 rows, 492 frauds, 5-fold stratified CV (cv_seed=42)

### tabiclv2 n_est=12: 10 cells ###
Traceback (most recent call last):
  File "/home/theo/ds-gradu/.venv/lib/python3.12/site-packages/tabicl/model/inference.py", line 995, in _allocate_output_buffer
    out = torch.empty(shape, dtype=dtype, device="cpu", pin_memory=use_pinned)
          ^^^^^^^^^^^^^^^^^^^^^^^^^^^^^^^^^^^^^^^^^^^^^^^^^^^^^^^^^^^^^^^^^^^^
torch.AcceleratorError: CUDA error: out of memory
Search for `cudaErrorMemoryAllocation' in https://docs.nvidia.com/cuda/cuda-runtime-api/group__CUDART__TYPES.html for more information.
CUDA kernel errors might be asynchronously reported at some other API call, so the stacktrace below might be incorrect.
For debugging consider passing CUDA_LAUNCH_BLOCKING=1
Compile with `TORCH_USE_CUDA_DSA` to enable device-side assertions.


The above exception was the direct cause of the following exception:

Traceback (most recent call last):
  File "/home/theo/ds-gradu/scripts/run_eucc_sota_cv.py", line 213, in <module>
    main()
  File "/home/theo/ds-gradu/scripts/run_eucc_sota_cv.py", line 166, in main
    probs = _predict_proba_batched(mdl, X[te_idx], batch_size=PREDICT_CHUNK)
            ^^^^^^^^^^^^^^^^^^^^^^^^^^^^^^^^^^^^^^^^^^^^^^^^^^^^^^^^^^^^^^^^
  File "/home/theo/ds-gradu/src/experiment/runner.py", line 290, in _predict_proba_batched
    parts.append(model.predict_proba(chunk)[:, 1])
                 ^^^^^^^^^^^^^^^^^^^^^^^^^^
  File "/home/theo/ds-gradu/src/models/ftm.py", line 203, in predict_proba
    proba = self._model.predict_proba(X)
            ^^^^^^^^^^^^^^^^^^^^^^^^^^^^
  File "/home/theo/ds-gradu/.venv/lib/python3.12/site-packages/tabicl/sklearn/classifier.py", line 727, in predict_proba
    outputs.append(self._batch_forward(Xs, ys, feature_shuffles))
                   ^^^^^^^^^^^^^^^^^^^^^^^^^^^^^^^^^^^^^^^^^^^^^
  File "/home/theo/ds-gradu/.venv/lib/python3.12/site-packages/tabicl/sklearn/classifier.py", line 597, in _batch_forward
    out = self.model_(
          ^^^^^^^^^^^^
  File "/home/theo/ds-gradu/.venv/lib/python3.12/site-packages/torch/nn/modules/module.py", line 1779, in _wrapped_call_impl
    return self._call_impl(*args, **kwargs)
           ^^^^^^^^^^^^^^^^^^^^^^^^^^^^^^^^
  File "/home/theo/ds-gradu/.venv/lib/python3.12/site-packages/torch/nn/modules/module.py", line 1790, in _call_impl
    return forward_call(*args, **kwargs)
           ^^^^^^^^^^^^^^^^^^^^^^^^^^^^^
  File "/home/theo/ds-gradu/.venv/lib/python3.12/site-packages/tabicl/model/tabicl.py", line 491, in forward
    out = self._inference_forward(
          ^^^^^^^^^^^^^^^^^^^^^^^^
  File "/home/theo/ds-gradu/.venv/lib/python3.12/site-packages/tabicl/model/tabicl.py", line 402, in _inference_forward
    self.col_embedder(
  File "/home/theo/ds-gradu/.venv/lib/python3.12/site-packages/torch/nn/modules/module.py", line 1779, in _wrapped_call_impl
    return self._call_impl(*args, **kwargs)
           ^^^^^^^^^^^^^^^^^^^^^^^^^^^^^^^^
  File "/home/theo/ds-gradu/.venv/lib/python3.12/site-packages/torch/nn/modules/module.py", line 1790, in _call_impl
    return forward_call(*args, **kwargs)
           ^^^^^^^^^^^^^^^^^^^^^^^^^^^^^
  File "/home/theo/ds-gradu/.venv/lib/python3.12/site-packages/tabicl/model/embedding.py", line 730, in forward
    embeddings = self._inference_forward(X, y_train, embed_with_test, feature_shuffles, mgr_config)
                 ^^^^^^^^^^^^^^^^^^^^^^^^^^^^^^^^^^^^^^^^^^^^^^^^^^^^^^^^^^^^^^^^^^^^^^^^^^^^^^^^^^
  File "/home/theo/ds-gradu/.venv/lib/python3.12/site-packages/tabicl/model/embedding.py", line 570, in _inference_forward
    embeddings = self._inference_with_feature_group(X, y_train, train_size, embed_with_test)
                 ^^^^^^^^^^^^^^^^^^^^^^^^^^^^^^^^^^^^^^^^^^^^^^^^^^^^^^^^^^^^^^^^^^^^^^^^^^^
  File "/home/theo/ds-gradu/.venv/lib/python3.12/site-packages/tabicl/model/embedding.py", line 594, in _inference_with_feature_group
    return self.inference_mgr(
           ^^^^^^^^^^^^^^^^^^^
  File "/home/theo/ds-gradu/.venv/lib/python3.12/site-packages/tabicl/model/inference.py", line 1198, in __call__
    outputs, _ = self._allocate_output_buffer(mode, tuple(output_shape), input_dtype)
                 ^^^^^^^^^^^^^^^^^^^^^^^^^^^^^^^^^^^^^^^^^^^^^^^^^^^^^^^^^^^^^^^^^^^^
  File "/home/theo/ds-gradu/.venv/lib/python3.12/site-packages/tabicl/model/inference.py", line 1001, in _allocate_output_buffer
    raise RuntimeError(
RuntimeError: CPU memory allocation failed (CUDA error: out of memory
Search for `cudaErrorMemoryAllocation' in https://docs.nvidia.com/cuda/cuda-runtime-api/group__CUDART__TYPES.html for more information.
CUDA kernel errors might be asynchronously reported at some other API call, so the stacktrace below might be incorrect.
For debugging consider passing CUDA_LAUNCH_BLOCKING=1
Compile with `TORCH_USE_CUDA_DSA` to enable device-side assertions.
) and disk offload is not available. Please specify disk_offload_dir in the configuration to enable disk offloading, or reduce the output size (estimated: 24327MB).
exit=1, cells still pending -- relaunching in 30s
=== attempt 14 2026-07-25T05:16:39+03:00 ===
Total: 20  pending: 10  done: 10
eu_cc: 284807 rows, 492 frauds, 5-fold stratified CV (cv_seed=42)

### tabiclv2 n_est=12: 10 cells ###
Traceback (most recent call last):
  File "/home/theo/ds-gradu/.venv/lib/python3.12/site-packages/tabicl/model/inference.py", line 995, in _allocate_output_buffer
    out = torch.empty(shape, dtype=dtype, device="cpu", pin_memory=use_pinned)
          ^^^^^^^^^^^^^^^^^^^^^^^^^^^^^^^^^^^^^^^^^^^^^^^^^^^^^^^^^^^^^^^^^^^^
torch.AcceleratorError: CUDA error: out of memory
Search for `cudaErrorMemoryAllocation' in https://docs.nvidia.com/cuda/cuda-runtime-api/group__CUDART__TYPES.html for more information.
CUDA kernel errors might be asynchronously reported at some other API call, so the stacktrace below might be incorrect.
For debugging consider passing CUDA_LAUNCH_BLOCKING=1
Compile with `TORCH_USE_CUDA_DSA` to enable device-side assertions.


The above exception was the direct cause of the following exception:

Traceback (most recent call last):
  File "/home/theo/ds-gradu/scripts/run_eucc_sota_cv.py", line 213, in <module>
    main()
  File "/home/theo/ds-gradu/scripts/run_eucc_sota_cv.py", line 166, in main
    probs = _predict_proba_batched(mdl, X[te_idx], batch_size=PREDICT_CHUNK)
            ^^^^^^^^^^^^^^^^^^^^^^^^^^^^^^^^^^^^^^^^^^^^^^^^^^^^^^^^^^^^^^^^
  File "/home/theo/ds-gradu/src/experiment/runner.py", line 290, in _predict_proba_batched
    parts.append(model.predict_proba(chunk)[:, 1])
                 ^^^^^^^^^^^^^^^^^^^^^^^^^^
  File "/home/theo/ds-gradu/src/models/ftm.py", line 203, in predict_proba
    proba = self._model.predict_proba(X)
            ^^^^^^^^^^^^^^^^^^^^^^^^^^^^
  File "/home/theo/ds-gradu/.venv/lib/python3.12/site-packages/tabicl/sklearn/classifier.py", line 727, in predict_proba
    outputs.append(self._batch_forward(Xs, ys, feature_shuffles))
                   ^^^^^^^^^^^^^^^^^^^^^^^^^^^^^^^^^^^^^^^^^^^^^
  File "/home/theo/ds-gradu/.venv/lib/python3.12/site-packages/tabicl/sklearn/classifier.py", line 597, in _batch_forward
    out = self.model_(
          ^^^^^^^^^^^^
  File "/home/theo/ds-gradu/.venv/lib/python3.12/site-packages/torch/nn/modules/module.py", line 1779, in _wrapped_call_impl
    return self._call_impl(*args, **kwargs)
           ^^^^^^^^^^^^^^^^^^^^^^^^^^^^^^^^
  File "/home/theo/ds-gradu/.venv/lib/python3.12/site-packages/torch/nn/modules/module.py", line 1790, in _call_impl
    return forward_call(*args, **kwargs)
           ^^^^^^^^^^^^^^^^^^^^^^^^^^^^^
  File "/home/theo/ds-gradu/.venv/lib/python3.12/site-packages/tabicl/model/tabicl.py", line 491, in forward
    out = self._inference_forward(
          ^^^^^^^^^^^^^^^^^^^^^^^^
  File "/home/theo/ds-gradu/.venv/lib/python3.12/site-packages/tabicl/model/tabicl.py", line 402, in _inference_forward
    self.col_embedder(
  File "/home/theo/ds-gradu/.venv/lib/python3.12/site-packages/torch/nn/modules/module.py", line 1779, in _wrapped_call_impl
    return self._call_impl(*args, **kwargs)
           ^^^^^^^^^^^^^^^^^^^^^^^^^^^^^^^^
  File "/home/theo/ds-gradu/.venv/lib/python3.12/site-packages/torch/nn/modules/module.py", line 1790, in _call_impl
    return forward_call(*args, **kwargs)
           ^^^^^^^^^^^^^^^^^^^^^^^^^^^^^
  File "/home/theo/ds-gradu/.venv/lib/python3.12/site-packages/tabicl/model/embedding.py", line 730, in forward
    embeddings = self._inference_forward(X, y_train, embed_with_test, feature_shuffles, mgr_config)
                 ^^^^^^^^^^^^^^^^^^^^^^^^^^^^^^^^^^^^^^^^^^^^^^^^^^^^^^^^^^^^^^^^^^^^^^^^^^^^^^^^^^
  File "/home/theo/ds-gradu/.venv/lib/python3.12/site-packages/tabicl/model/embedding.py", line 570, in _inference_forward
    embeddings = self._inference_with_feature_group(X, y_train, train_size, embed_with_test)
                 ^^^^^^^^^^^^^^^^^^^^^^^^^^^^^^^^^^^^^^^^^^^^^^^^^^^^^^^^^^^^^^^^^^^^^^^^^^^
  File "/home/theo/ds-gradu/.venv/lib/python3.12/site-packages/tabicl/model/embedding.py", line 594, in _inference_with_feature_group
    return self.inference_mgr(
           ^^^^^^^^^^^^^^^^^^^
  File "/home/theo/ds-gradu/.venv/lib/python3.12/site-packages/tabicl/model/inference.py", line 1198, in __call__
    outputs, _ = self._allocate_output_buffer(mode, tuple(output_shape), input_dtype)
                 ^^^^^^^^^^^^^^^^^^^^^^^^^^^^^^^^^^^^^^^^^^^^^^^^^^^^^^^^^^^^^^^^^^^^
  File "/home/theo/ds-gradu/.venv/lib/python3.12/site-packages/tabicl/model/inference.py", line 1001, in _allocate_output_buffer
    raise RuntimeError(
RuntimeError: CPU memory allocation failed (CUDA error: out of memory
Search for `cudaErrorMemoryAllocation' in https://docs.nvidia.com/cuda/cuda-runtime-api/group__CUDART__TYPES.html for more information.
CUDA kernel errors might be asynchronously reported at some other API call, so the stacktrace below might be incorrect.
For debugging consider passing CUDA_LAUNCH_BLOCKING=1
Compile with `TORCH_USE_CUDA_DSA` to enable device-side assertions.
) and disk offload is not available. Please specify disk_offload_dir in the configuration to enable disk offloading, or reduce the output size (estimated: 24327MB).
exit=1, cells still pending -- relaunching in 30s
=== attempt 15 2026-07-25T05:17:15+03:00 ===
Total: 20  pending: 10  done: 10
eu_cc: 284807 rows, 492 frauds, 5-fold stratified CV (cv_seed=42)

### tabiclv2 n_est=12: 10 cells ###
Traceback (most recent call last):
  File "/home/theo/ds-gradu/.venv/lib/python3.12/site-packages/tabicl/model/inference.py", line 995, in _allocate_output_buffer
    out = torch.empty(shape, dtype=dtype, device="cpu", pin_memory=use_pinned)
          ^^^^^^^^^^^^^^^^^^^^^^^^^^^^^^^^^^^^^^^^^^^^^^^^^^^^^^^^^^^^^^^^^^^^
torch.AcceleratorError: CUDA error: out of memory
Search for `cudaErrorMemoryAllocation' in https://docs.nvidia.com/cuda/cuda-runtime-api/group__CUDART__TYPES.html for more information.
CUDA kernel errors might be asynchronously reported at some other API call, so the stacktrace below might be incorrect.
For debugging consider passing CUDA_LAUNCH_BLOCKING=1
Compile with `TORCH_USE_CUDA_DSA` to enable device-side assertions.


The above exception was the direct cause of the following exception:

Traceback (most recent call last):
  File "/home/theo/ds-gradu/scripts/run_eucc_sota_cv.py", line 213, in <module>
    main()
  File "/home/theo/ds-gradu/scripts/run_eucc_sota_cv.py", line 166, in main
    probs = _predict_proba_batched(mdl, X[te_idx], batch_size=PREDICT_CHUNK)
            ^^^^^^^^^^^^^^^^^^^^^^^^^^^^^^^^^^^^^^^^^^^^^^^^^^^^^^^^^^^^^^^^
  File "/home/theo/ds-gradu/src/experiment/runner.py", line 290, in _predict_proba_batched
    parts.append(model.predict_proba(chunk)[:, 1])
                 ^^^^^^^^^^^^^^^^^^^^^^^^^^
  File "/home/theo/ds-gradu/src/models/ftm.py", line 203, in predict_proba
    proba = self._model.predict_proba(X)
            ^^^^^^^^^^^^^^^^^^^^^^^^^^^^
  File "/home/theo/ds-gradu/.venv/lib/python3.12/site-packages/tabicl/sklearn/classifier.py", line 727, in predict_proba
    outputs.append(self._batch_forward(Xs, ys, feature_shuffles))
                   ^^^^^^^^^^^^^^^^^^^^^^^^^^^^^^^^^^^^^^^^^^^^^
  File "/home/theo/ds-gradu/.venv/lib/python3.12/site-packages/tabicl/sklearn/classifier.py", line 597, in _batch_forward
    out = self.model_(
          ^^^^^^^^^^^^
  File "/home/theo/ds-gradu/.venv/lib/python3.12/site-packages/torch/nn/modules/module.py", line 1779, in _wrapped_call_impl
    return self._call_impl(*args, **kwargs)
           ^^^^^^^^^^^^^^^^^^^^^^^^^^^^^^^^
  File "/home/theo/ds-gradu/.venv/lib/python3.12/site-packages/torch/nn/modules/module.py", line 1790, in _call_impl
    return forward_call(*args, **kwargs)
           ^^^^^^^^^^^^^^^^^^^^^^^^^^^^^
  File "/home/theo/ds-gradu/.venv/lib/python3.12/site-packages/tabicl/model/tabicl.py", line 491, in forward
    out = self._inference_forward(
          ^^^^^^^^^^^^^^^^^^^^^^^^
  File "/home/theo/ds-gradu/.venv/lib/python3.12/site-packages/tabicl/model/tabicl.py", line 402, in _inference_forward
    self.col_embedder(
  File "/home/theo/ds-gradu/.venv/lib/python3.12/site-packages/torch/nn/modules/module.py", line 1779, in _wrapped_call_impl
    return self._call_impl(*args, **kwargs)
           ^^^^^^^^^^^^^^^^^^^^^^^^^^^^^^^^
  File "/home/theo/ds-gradu/.venv/lib/python3.12/site-packages/torch/nn/modules/module.py", line 1790, in _call_impl
    return forward_call(*args, **kwargs)
           ^^^^^^^^^^^^^^^^^^^^^^^^^^^^^
  File "/home/theo/ds-gradu/.venv/lib/python3.12/site-packages/tabicl/model/embedding.py", line 730, in forward
    embeddings = self._inference_forward(X, y_train, embed_with_test, feature_shuffles, mgr_config)
                 ^^^^^^^^^^^^^^^^^^^^^^^^^^^^^^^^^^^^^^^^^^^^^^^^^^^^^^^^^^^^^^^^^^^^^^^^^^^^^^^^^^
  File "/home/theo/ds-gradu/.venv/lib/python3.12/site-packages/tabicl/model/embedding.py", line 570, in _inference_forward
    embeddings = self._inference_with_feature_group(X, y_train, train_size, embed_with_test)
                 ^^^^^^^^^^^^^^^^^^^^^^^^^^^^^^^^^^^^^^^^^^^^^^^^^^^^^^^^^^^^^^^^^^^^^^^^^^^
  File "/home/theo/ds-gradu/.venv/lib/python3.12/site-packages/tabicl/model/embedding.py", line 594, in _inference_with_feature_group
    return self.inference_mgr(
           ^^^^^^^^^^^^^^^^^^^
  File "/home/theo/ds-gradu/.venv/lib/python3.12/site-packages/tabicl/model/inference.py", line 1198, in __call__
    outputs, _ = self._allocate_output_buffer(mode, tuple(output_shape), input_dtype)
                 ^^^^^^^^^^^^^^^^^^^^^^^^^^^^^^^^^^^^^^^^^^^^^^^^^^^^^^^^^^^^^^^^^^^^
  File "/home/theo/ds-gradu/.venv/lib/python3.12/site-packages/tabicl/model/inference.py", line 1001, in _allocate_output_buffer
    raise RuntimeError(
RuntimeError: CPU memory allocation failed (CUDA error: out of memory
Search for `cudaErrorMemoryAllocation' in https://docs.nvidia.com/cuda/cuda-runtime-api/group__CUDART__TYPES.html for more information.
CUDA kernel errors might be asynchronously reported at some other API call, so the stacktrace below might be incorrect.
For debugging consider passing CUDA_LAUNCH_BLOCKING=1
Compile with `TORCH_USE_CUDA_DSA` to enable device-side assertions.
) and disk offload is not available. Please specify disk_offload_dir in the configuration to enable disk offloading, or reduce the output size (estimated: 24327MB).
exit=1, cells still pending -- relaunching in 30s
=== attempt 16 2026-07-25T05:17:51+03:00 ===
Total: 20  pending: 10  done: 10
eu_cc: 284807 rows, 492 frauds, 5-fold stratified CV (cv_seed=42)

### tabiclv2 n_est=12: 10 cells ###
Traceback (most recent call last):
  File "/home/theo/ds-gradu/.venv/lib/python3.12/site-packages/tabicl/model/inference.py", line 995, in _allocate_output_buffer
    out = torch.empty(shape, dtype=dtype, device="cpu", pin_memory=use_pinned)
          ^^^^^^^^^^^^^^^^^^^^^^^^^^^^^^^^^^^^^^^^^^^^^^^^^^^^^^^^^^^^^^^^^^^^
torch.AcceleratorError: CUDA error: out of memory
Search for `cudaErrorMemoryAllocation' in https://docs.nvidia.com/cuda/cuda-runtime-api/group__CUDART__TYPES.html for more information.
CUDA kernel errors might be asynchronously reported at some other API call, so the stacktrace below might be incorrect.
For debugging consider passing CUDA_LAUNCH_BLOCKING=1
Compile with `TORCH_USE_CUDA_DSA` to enable device-side assertions.


The above exception was the direct cause of the following exception:

Traceback (most recent call last):
  File "/home/theo/ds-gradu/scripts/run_eucc_sota_cv.py", line 213, in <module>
    main()
  File "/home/theo/ds-gradu/scripts/run_eucc_sota_cv.py", line 166, in main
    probs = _predict_proba_batched(mdl, X[te_idx], batch_size=PREDICT_CHUNK)
            ^^^^^^^^^^^^^^^^^^^^^^^^^^^^^^^^^^^^^^^^^^^^^^^^^^^^^^^^^^^^^^^^
  File "/home/theo/ds-gradu/src/experiment/runner.py", line 290, in _predict_proba_batched
    parts.append(model.predict_proba(chunk)[:, 1])
                 ^^^^^^^^^^^^^^^^^^^^^^^^^^
  File "/home/theo/ds-gradu/src/models/ftm.py", line 203, in predict_proba
    proba = self._model.predict_proba(X)
            ^^^^^^^^^^^^^^^^^^^^^^^^^^^^
  File "/home/theo/ds-gradu/.venv/lib/python3.12/site-packages/tabicl/sklearn/classifier.py", line 727, in predict_proba
    outputs.append(self._batch_forward(Xs, ys, feature_shuffles))
                   ^^^^^^^^^^^^^^^^^^^^^^^^^^^^^^^^^^^^^^^^^^^^^
  File "/home/theo/ds-gradu/.venv/lib/python3.12/site-packages/tabicl/sklearn/classifier.py", line 597, in _batch_forward
    out = self.model_(
          ^^^^^^^^^^^^
  File "/home/theo/ds-gradu/.venv/lib/python3.12/site-packages/torch/nn/modules/module.py", line 1779, in _wrapped_call_impl
    return self._call_impl(*args, **kwargs)
           ^^^^^^^^^^^^^^^^^^^^^^^^^^^^^^^^
  File "/home/theo/ds-gradu/.venv/lib/python3.12/site-packages/torch/nn/modules/module.py", line 1790, in _call_impl
    return forward_call(*args, **kwargs)
           ^^^^^^^^^^^^^^^^^^^^^^^^^^^^^
  File "/home/theo/ds-gradu/.venv/lib/python3.12/site-packages/tabicl/model/tabicl.py", line 491, in forward
    out = self._inference_forward(
          ^^^^^^^^^^^^^^^^^^^^^^^^
  File "/home/theo/ds-gradu/.venv/lib/python3.12/site-packages/tabicl/model/tabicl.py", line 402, in _inference_forward
    self.col_embedder(
  File "/home/theo/ds-gradu/.venv/lib/python3.12/site-packages/torch/nn/modules/module.py", line 1779, in _wrapped_call_impl
    return self._call_impl(*args, **kwargs)
           ^^^^^^^^^^^^^^^^^^^^^^^^^^^^^^^^
  File "/home/theo/ds-gradu/.venv/lib/python3.12/site-packages/torch/nn/modules/module.py", line 1790, in _call_impl
    return forward_call(*args, **kwargs)
           ^^^^^^^^^^^^^^^^^^^^^^^^^^^^^
  File "/home/theo/ds-gradu/.venv/lib/python3.12/site-packages/tabicl/model/embedding.py", line 730, in forward
    embeddings = self._inference_forward(X, y_train, embed_with_test, feature_shuffles, mgr_config)
                 ^^^^^^^^^^^^^^^^^^^^^^^^^^^^^^^^^^^^^^^^^^^^^^^^^^^^^^^^^^^^^^^^^^^^^^^^^^^^^^^^^^
  File "/home/theo/ds-gradu/.venv/lib/python3.12/site-packages/tabicl/model/embedding.py", line 570, in _inference_forward
    embeddings = self._inference_with_feature_group(X, y_train, train_size, embed_with_test)
                 ^^^^^^^^^^^^^^^^^^^^^^^^^^^^^^^^^^^^^^^^^^^^^^^^^^^^^^^^^^^^^^^^^^^^^^^^^^^
  File "/home/theo/ds-gradu/.venv/lib/python3.12/site-packages/tabicl/model/embedding.py", line 594, in _inference_with_feature_group
    return self.inference_mgr(
           ^^^^^^^^^^^^^^^^^^^
  File "/home/theo/ds-gradu/.venv/lib/python3.12/site-packages/tabicl/model/inference.py", line 1198, in __call__
    outputs, _ = self._allocate_output_buffer(mode, tuple(output_shape), input_dtype)
                 ^^^^^^^^^^^^^^^^^^^^^^^^^^^^^^^^^^^^^^^^^^^^^^^^^^^^^^^^^^^^^^^^^^^^
  File "/home/theo/ds-gradu/.venv/lib/python3.12/site-packages/tabicl/model/inference.py", line 1001, in _allocate_output_buffer
    raise RuntimeError(
RuntimeError: CPU memory allocation failed (CUDA error: out of memory
Search for `cudaErrorMemoryAllocation' in https://docs.nvidia.com/cuda/cuda-runtime-api/group__CUDART__TYPES.html for more information.
CUDA kernel errors might be asynchronously reported at some other API call, so the stacktrace below might be incorrect.
For debugging consider passing CUDA_LAUNCH_BLOCKING=1
Compile with `TORCH_USE_CUDA_DSA` to enable device-side assertions.
) and disk offload is not available. Please specify disk_offload_dir in the configuration to enable disk offloading, or reduce the output size (estimated: 24327MB).
exit=1, cells still pending -- relaunching in 30s
=== attempt 17 2026-07-25T05:18:26+03:00 ===
Total: 20  pending: 10  done: 10
eu_cc: 284807 rows, 492 frauds, 5-fold stratified CV (cv_seed=42)

### tabiclv2 n_est=12: 10 cells ###
Traceback (most recent call last):
  File "/home/theo/ds-gradu/.venv/lib/python3.12/site-packages/tabicl/model/inference.py", line 995, in _allocate_output_buffer
    out = torch.empty(shape, dtype=dtype, device="cpu", pin_memory=use_pinned)
          ^^^^^^^^^^^^^^^^^^^^^^^^^^^^^^^^^^^^^^^^^^^^^^^^^^^^^^^^^^^^^^^^^^^^
torch.AcceleratorError: CUDA error: out of memory
Search for `cudaErrorMemoryAllocation' in https://docs.nvidia.com/cuda/cuda-runtime-api/group__CUDART__TYPES.html for more information.
CUDA kernel errors might be asynchronously reported at some other API call, so the stacktrace below might be incorrect.
For debugging consider passing CUDA_LAUNCH_BLOCKING=1
Compile with `TORCH_USE_CUDA_DSA` to enable device-side assertions.


The above exception was the direct cause of the following exception:

Traceback (most recent call last):
  File "/home/theo/ds-gradu/scripts/run_eucc_sota_cv.py", line 213, in <module>
    main()
  File "/home/theo/ds-gradu/scripts/run_eucc_sota_cv.py", line 166, in main
    probs = _predict_proba_batched(mdl, X[te_idx], batch_size=PREDICT_CHUNK)
            ^^^^^^^^^^^^^^^^^^^^^^^^^^^^^^^^^^^^^^^^^^^^^^^^^^^^^^^^^^^^^^^^
  File "/home/theo/ds-gradu/src/experiment/runner.py", line 290, in _predict_proba_batched
    parts.append(model.predict_proba(chunk)[:, 1])
                 ^^^^^^^^^^^^^^^^^^^^^^^^^^
  File "/home/theo/ds-gradu/src/models/ftm.py", line 203, in predict_proba
    proba = self._model.predict_proba(X)
            ^^^^^^^^^^^^^^^^^^^^^^^^^^^^
  File "/home/theo/ds-gradu/.venv/lib/python3.12/site-packages/tabicl/sklearn/classifier.py", line 727, in predict_proba
    outputs.append(self._batch_forward(Xs, ys, feature_shuffles))
                   ^^^^^^^^^^^^^^^^^^^^^^^^^^^^^^^^^^^^^^^^^^^^^
  File "/home/theo/ds-gradu/.venv/lib/python3.12/site-packages/tabicl/sklearn/classifier.py", line 597, in _batch_forward
    out = self.model_(
          ^^^^^^^^^^^^
  File "/home/theo/ds-gradu/.venv/lib/python3.12/site-packages/torch/nn/modules/module.py", line 1779, in _wrapped_call_impl
    return self._call_impl(*args, **kwargs)
           ^^^^^^^^^^^^^^^^^^^^^^^^^^^^^^^^
  File "/home/theo/ds-gradu/.venv/lib/python3.12/site-packages/torch/nn/modules/module.py", line 1790, in _call_impl
    return forward_call(*args, **kwargs)
           ^^^^^^^^^^^^^^^^^^^^^^^^^^^^^
  File "/home/theo/ds-gradu/.venv/lib/python3.12/site-packages/tabicl/model/tabicl.py", line 491, in forward
    out = self._inference_forward(
          ^^^^^^^^^^^^^^^^^^^^^^^^
  File "/home/theo/ds-gradu/.venv/lib/python3.12/site-packages/tabicl/model/tabicl.py", line 402, in _inference_forward
    self.col_embedder(
  File "/home/theo/ds-gradu/.venv/lib/python3.12/site-packages/torch/nn/modules/module.py", line 1779, in _wrapped_call_impl
    return self._call_impl(*args, **kwargs)
           ^^^^^^^^^^^^^^^^^^^^^^^^^^^^^^^^
  File "/home/theo/ds-gradu/.venv/lib/python3.12/site-packages/torch/nn/modules/module.py", line 1790, in _call_impl
    return forward_call(*args, **kwargs)
           ^^^^^^^^^^^^^^^^^^^^^^^^^^^^^
  File "/home/theo/ds-gradu/.venv/lib/python3.12/site-packages/tabicl/model/embedding.py", line 730, in forward
    embeddings = self._inference_forward(X, y_train, embed_with_test, feature_shuffles, mgr_config)
                 ^^^^^^^^^^^^^^^^^^^^^^^^^^^^^^^^^^^^^^^^^^^^^^^^^^^^^^^^^^^^^^^^^^^^^^^^^^^^^^^^^^
  File "/home/theo/ds-gradu/.venv/lib/python3.12/site-packages/tabicl/model/embedding.py", line 570, in _inference_forward
    embeddings = self._inference_with_feature_group(X, y_train, train_size, embed_with_test)
                 ^^^^^^^^^^^^^^^^^^^^^^^^^^^^^^^^^^^^^^^^^^^^^^^^^^^^^^^^^^^^^^^^^^^^^^^^^^^
  File "/home/theo/ds-gradu/.venv/lib/python3.12/site-packages/tabicl/model/embedding.py", line 594, in _inference_with_feature_group
    return self.inference_mgr(
           ^^^^^^^^^^^^^^^^^^^
  File "/home/theo/ds-gradu/.venv/lib/python3.12/site-packages/tabicl/model/inference.py", line 1198, in __call__
    outputs, _ = self._allocate_output_buffer(mode, tuple(output_shape), input_dtype)
                 ^^^^^^^^^^^^^^^^^^^^^^^^^^^^^^^^^^^^^^^^^^^^^^^^^^^^^^^^^^^^^^^^^^^^
  File "/home/theo/ds-gradu/.venv/lib/python3.12/site-packages/tabicl/model/inference.py", line 1001, in _allocate_output_buffer
    raise RuntimeError(
RuntimeError: CPU memory allocation failed (CUDA error: out of memory
Search for `cudaErrorMemoryAllocation' in https://docs.nvidia.com/cuda/cuda-runtime-api/group__CUDART__TYPES.html for more information.
CUDA kernel errors might be asynchronously reported at some other API call, so the stacktrace below might be incorrect.
For debugging consider passing CUDA_LAUNCH_BLOCKING=1
Compile with `TORCH_USE_CUDA_DSA` to enable device-side assertions.
) and disk offload is not available. Please specify disk_offload_dir in the configuration to enable disk offloading, or reduce the output size (estimated: 24327MB).
exit=1, cells still pending -- relaunching in 30s
=== attempt 18 2026-07-25T05:19:02+03:00 ===
Total: 20  pending: 10  done: 10
eu_cc: 284807 rows, 492 frauds, 5-fold stratified CV (cv_seed=42)

### tabiclv2 n_est=12: 10 cells ###
Traceback (most recent call last):
  File "/home/theo/ds-gradu/.venv/lib/python3.12/site-packages/tabicl/model/inference.py", line 995, in _allocate_output_buffer
    out = torch.empty(shape, dtype=dtype, device="cpu", pin_memory=use_pinned)
          ^^^^^^^^^^^^^^^^^^^^^^^^^^^^^^^^^^^^^^^^^^^^^^^^^^^^^^^^^^^^^^^^^^^^
torch.AcceleratorError: CUDA error: out of memory
Search for `cudaErrorMemoryAllocation' in https://docs.nvidia.com/cuda/cuda-runtime-api/group__CUDART__TYPES.html for more information.
CUDA kernel errors might be asynchronously reported at some other API call, so the stacktrace below might be incorrect.
For debugging consider passing CUDA_LAUNCH_BLOCKING=1
Compile with `TORCH_USE_CUDA_DSA` to enable device-side assertions.


The above exception was the direct cause of the following exception:

Traceback (most recent call last):
  File "/home/theo/ds-gradu/scripts/run_eucc_sota_cv.py", line 213, in <module>
    main()
  File "/home/theo/ds-gradu/scripts/run_eucc_sota_cv.py", line 166, in main
    probs = _predict_proba_batched(mdl, X[te_idx], batch_size=PREDICT_CHUNK)
            ^^^^^^^^^^^^^^^^^^^^^^^^^^^^^^^^^^^^^^^^^^^^^^^^^^^^^^^^^^^^^^^^
  File "/home/theo/ds-gradu/src/experiment/runner.py", line 290, in _predict_proba_batched
    parts.append(model.predict_proba(chunk)[:, 1])
                 ^^^^^^^^^^^^^^^^^^^^^^^^^^
  File "/home/theo/ds-gradu/src/models/ftm.py", line 203, in predict_proba
    proba = self._model.predict_proba(X)
            ^^^^^^^^^^^^^^^^^^^^^^^^^^^^
  File "/home/theo/ds-gradu/.venv/lib/python3.12/site-packages/tabicl/sklearn/classifier.py", line 727, in predict_proba
    outputs.append(self._batch_forward(Xs, ys, feature_shuffles))
                   ^^^^^^^^^^^^^^^^^^^^^^^^^^^^^^^^^^^^^^^^^^^^^
  File "/home/theo/ds-gradu/.venv/lib/python3.12/site-packages/tabicl/sklearn/classifier.py", line 597, in _batch_forward
    out = self.model_(
          ^^^^^^^^^^^^
  File "/home/theo/ds-gradu/.venv/lib/python3.12/site-packages/torch/nn/modules/module.py", line 1779, in _wrapped_call_impl
    return self._call_impl(*args, **kwargs)
           ^^^^^^^^^^^^^^^^^^^^^^^^^^^^^^^^
  File "/home/theo/ds-gradu/.venv/lib/python3.12/site-packages/torch/nn/modules/module.py", line 1790, in _call_impl
    return forward_call(*args, **kwargs)
           ^^^^^^^^^^^^^^^^^^^^^^^^^^^^^
  File "/home/theo/ds-gradu/.venv/lib/python3.12/site-packages/tabicl/model/tabicl.py", line 491, in forward
    out = self._inference_forward(
          ^^^^^^^^^^^^^^^^^^^^^^^^
  File "/home/theo/ds-gradu/.venv/lib/python3.12/site-packages/tabicl/model/tabicl.py", line 402, in _inference_forward
    self.col_embedder(
  File "/home/theo/ds-gradu/.venv/lib/python3.12/site-packages/torch/nn/modules/module.py", line 1779, in _wrapped_call_impl
    return self._call_impl(*args, **kwargs)
           ^^^^^^^^^^^^^^^^^^^^^^^^^^^^^^^^
  File "/home/theo/ds-gradu/.venv/lib/python3.12/site-packages/torch/nn/modules/module.py", line 1790, in _call_impl
    return forward_call(*args, **kwargs)
           ^^^^^^^^^^^^^^^^^^^^^^^^^^^^^
  File "/home/theo/ds-gradu/.venv/lib/python3.12/site-packages/tabicl/model/embedding.py", line 730, in forward
    embeddings = self._inference_forward(X, y_train, embed_with_test, feature_shuffles, mgr_config)
                 ^^^^^^^^^^^^^^^^^^^^^^^^^^^^^^^^^^^^^^^^^^^^^^^^^^^^^^^^^^^^^^^^^^^^^^^^^^^^^^^^^^
  File "/home/theo/ds-gradu/.venv/lib/python3.12/site-packages/tabicl/model/embedding.py", line 570, in _inference_forward
    embeddings = self._inference_with_feature_group(X, y_train, train_size, embed_with_test)
                 ^^^^^^^^^^^^^^^^^^^^^^^^^^^^^^^^^^^^^^^^^^^^^^^^^^^^^^^^^^^^^^^^^^^^^^^^^^^
  File "/home/theo/ds-gradu/.venv/lib/python3.12/site-packages/tabicl/model/embedding.py", line 594, in _inference_with_feature_group
    return self.inference_mgr(
           ^^^^^^^^^^^^^^^^^^^
  File "/home/theo/ds-gradu/.venv/lib/python3.12/site-packages/tabicl/model/inference.py", line 1198, in __call__
    outputs, _ = self._allocate_output_buffer(mode, tuple(output_shape), input_dtype)
                 ^^^^^^^^^^^^^^^^^^^^^^^^^^^^^^^^^^^^^^^^^^^^^^^^^^^^^^^^^^^^^^^^^^^^
  File "/home/theo/ds-gradu/.venv/lib/python3.12/site-packages/tabicl/model/inference.py", line 1001, in _allocate_output_buffer
    raise RuntimeError(
RuntimeError: CPU memory allocation failed (CUDA error: out of memory
Search for `cudaErrorMemoryAllocation' in https://docs.nvidia.com/cuda/cuda-runtime-api/group__CUDART__TYPES.html for more information.
CUDA kernel errors might be asynchronously reported at some other API call, so the stacktrace below might be incorrect.
For debugging consider passing CUDA_LAUNCH_BLOCKING=1
Compile with `TORCH_USE_CUDA_DSA` to enable device-side assertions.
) and disk offload is not available. Please specify disk_offload_dir in the configuration to enable disk offloading, or reduce the output size (estimated: 24327MB).
exit=1, cells still pending -- relaunching in 30s
=== attempt 19 2026-07-25T05:19:37+03:00 ===
Total: 20  pending: 10  done: 10
eu_cc: 284807 rows, 492 frauds, 5-fold stratified CV (cv_seed=42)

### tabiclv2 n_est=12: 10 cells ###
Traceback (most recent call last):
  File "/home/theo/ds-gradu/.venv/lib/python3.12/site-packages/tabicl/model/inference.py", line 995, in _allocate_output_buffer
    out = torch.empty(shape, dtype=dtype, device="cpu", pin_memory=use_pinned)
          ^^^^^^^^^^^^^^^^^^^^^^^^^^^^^^^^^^^^^^^^^^^^^^^^^^^^^^^^^^^^^^^^^^^^
torch.AcceleratorError: CUDA error: out of memory
Search for `cudaErrorMemoryAllocation' in https://docs.nvidia.com/cuda/cuda-runtime-api/group__CUDART__TYPES.html for more information.
CUDA kernel errors might be asynchronously reported at some other API call, so the stacktrace below might be incorrect.
For debugging consider passing CUDA_LAUNCH_BLOCKING=1
Compile with `TORCH_USE_CUDA_DSA` to enable device-side assertions.


The above exception was the direct cause of the following exception:

Traceback (most recent call last):
  File "/home/theo/ds-gradu/scripts/run_eucc_sota_cv.py", line 213, in <module>
    main()
  File "/home/theo/ds-gradu/scripts/run_eucc_sota_cv.py", line 166, in main
    probs = _predict_proba_batched(mdl, X[te_idx], batch_size=PREDICT_CHUNK)
            ^^^^^^^^^^^^^^^^^^^^^^^^^^^^^^^^^^^^^^^^^^^^^^^^^^^^^^^^^^^^^^^^
  File "/home/theo/ds-gradu/src/experiment/runner.py", line 290, in _predict_proba_batched
    parts.append(model.predict_proba(chunk)[:, 1])
                 ^^^^^^^^^^^^^^^^^^^^^^^^^^
  File "/home/theo/ds-gradu/src/models/ftm.py", line 203, in predict_proba
    proba = self._model.predict_proba(X)
            ^^^^^^^^^^^^^^^^^^^^^^^^^^^^
  File "/home/theo/ds-gradu/.venv/lib/python3.12/site-packages/tabicl/sklearn/classifier.py", line 727, in predict_proba
    outputs.append(self._batch_forward(Xs, ys, feature_shuffles))
                   ^^^^^^^^^^^^^^^^^^^^^^^^^^^^^^^^^^^^^^^^^^^^^
  File "/home/theo/ds-gradu/.venv/lib/python3.12/site-packages/tabicl/sklearn/classifier.py", line 597, in _batch_forward
    out = self.model_(
          ^^^^^^^^^^^^
  File "/home/theo/ds-gradu/.venv/lib/python3.12/site-packages/torch/nn/modules/module.py", line 1779, in _wrapped_call_impl
    return self._call_impl(*args, **kwargs)
           ^^^^^^^^^^^^^^^^^^^^^^^^^^^^^^^^
  File "/home/theo/ds-gradu/.venv/lib/python3.12/site-packages/torch/nn/modules/module.py", line 1790, in _call_impl
    return forward_call(*args, **kwargs)
           ^^^^^^^^^^^^^^^^^^^^^^^^^^^^^
  File "/home/theo/ds-gradu/.venv/lib/python3.12/site-packages/tabicl/model/tabicl.py", line 491, in forward
    out = self._inference_forward(
          ^^^^^^^^^^^^^^^^^^^^^^^^
  File "/home/theo/ds-gradu/.venv/lib/python3.12/site-packages/tabicl/model/tabicl.py", line 402, in _inference_forward
    self.col_embedder(
  File "/home/theo/ds-gradu/.venv/lib/python3.12/site-packages/torch/nn/modules/module.py", line 1779, in _wrapped_call_impl
    return self._call_impl(*args, **kwargs)
           ^^^^^^^^^^^^^^^^^^^^^^^^^^^^^^^^
  File "/home/theo/ds-gradu/.venv/lib/python3.12/site-packages/torch/nn/modules/module.py", line 1790, in _call_impl
    return forward_call(*args, **kwargs)
           ^^^^^^^^^^^^^^^^^^^^^^^^^^^^^
  File "/home/theo/ds-gradu/.venv/lib/python3.12/site-packages/tabicl/model/embedding.py", line 730, in forward
    embeddings = self._inference_forward(X, y_train, embed_with_test, feature_shuffles, mgr_config)
                 ^^^^^^^^^^^^^^^^^^^^^^^^^^^^^^^^^^^^^^^^^^^^^^^^^^^^^^^^^^^^^^^^^^^^^^^^^^^^^^^^^^
  File "/home/theo/ds-gradu/.venv/lib/python3.12/site-packages/tabicl/model/embedding.py", line 570, in _inference_forward
    embeddings = self._inference_with_feature_group(X, y_train, train_size, embed_with_test)
                 ^^^^^^^^^^^^^^^^^^^^^^^^^^^^^^^^^^^^^^^^^^^^^^^^^^^^^^^^^^^^^^^^^^^^^^^^^^^
  File "/home/theo/ds-gradu/.venv/lib/python3.12/site-packages/tabicl/model/embedding.py", line 594, in _inference_with_feature_group
    return self.inference_mgr(
           ^^^^^^^^^^^^^^^^^^^
  File "/home/theo/ds-gradu/.venv/lib/python3.12/site-packages/tabicl/model/inference.py", line 1198, in __call__
    outputs, _ = self._allocate_output_buffer(mode, tuple(output_shape), input_dtype)
                 ^^^^^^^^^^^^^^^^^^^^^^^^^^^^^^^^^^^^^^^^^^^^^^^^^^^^^^^^^^^^^^^^^^^^
  File "/home/theo/ds-gradu/.venv/lib/python3.12/site-packages/tabicl/model/inference.py", line 1001, in _allocate_output_buffer
    raise RuntimeError(
RuntimeError: CPU memory allocation failed (CUDA error: out of memory
Search for `cudaErrorMemoryAllocation' in https://docs.nvidia.com/cuda/cuda-runtime-api/group__CUDART__TYPES.html for more information.
CUDA kernel errors might be asynchronously reported at some other API call, so the stacktrace below might be incorrect.
For debugging consider passing CUDA_LAUNCH_BLOCKING=1
Compile with `TORCH_USE_CUDA_DSA` to enable device-side assertions.
) and disk offload is not available. Please specify disk_offload_dir in the configuration to enable disk offloading, or reduce the output size (estimated: 24327MB).
exit=1, cells still pending -- relaunching in 30s
=== attempt 20 2026-07-25T05:20:13+03:00 ===
Total: 20  pending: 10  done: 10
eu_cc: 284807 rows, 492 frauds, 5-fold stratified CV (cv_seed=42)

### tabiclv2 n_est=12: 10 cells ###
Traceback (most recent call last):
  File "/home/theo/ds-gradu/.venv/lib/python3.12/site-packages/tabicl/model/inference.py", line 995, in _allocate_output_buffer
    out = torch.empty(shape, dtype=dtype, device="cpu", pin_memory=use_pinned)
          ^^^^^^^^^^^^^^^^^^^^^^^^^^^^^^^^^^^^^^^^^^^^^^^^^^^^^^^^^^^^^^^^^^^^
torch.AcceleratorError: CUDA error: out of memory
Search for `cudaErrorMemoryAllocation' in https://docs.nvidia.com/cuda/cuda-runtime-api/group__CUDART__TYPES.html for more information.
CUDA kernel errors might be asynchronously reported at some other API call, so the stacktrace below might be incorrect.
For debugging consider passing CUDA_LAUNCH_BLOCKING=1
Compile with `TORCH_USE_CUDA_DSA` to enable device-side assertions.


The above exception was the direct cause of the following exception:

Traceback (most recent call last):
  File "/home/theo/ds-gradu/scripts/run_eucc_sota_cv.py", line 213, in <module>
    main()
  File "/home/theo/ds-gradu/scripts/run_eucc_sota_cv.py", line 166, in main
    probs = _predict_proba_batched(mdl, X[te_idx], batch_size=PREDICT_CHUNK)
            ^^^^^^^^^^^^^^^^^^^^^^^^^^^^^^^^^^^^^^^^^^^^^^^^^^^^^^^^^^^^^^^^
  File "/home/theo/ds-gradu/src/experiment/runner.py", line 290, in _predict_proba_batched
    parts.append(model.predict_proba(chunk)[:, 1])
                 ^^^^^^^^^^^^^^^^^^^^^^^^^^
  File "/home/theo/ds-gradu/src/models/ftm.py", line 203, in predict_proba
    proba = self._model.predict_proba(X)
            ^^^^^^^^^^^^^^^^^^^^^^^^^^^^
  File "/home/theo/ds-gradu/.venv/lib/python3.12/site-packages/tabicl/sklearn/classifier.py", line 727, in predict_proba
    outputs.append(self._batch_forward(Xs, ys, feature_shuffles))
                   ^^^^^^^^^^^^^^^^^^^^^^^^^^^^^^^^^^^^^^^^^^^^^
  File "/home/theo/ds-gradu/.venv/lib/python3.12/site-packages/tabicl/sklearn/classifier.py", line 597, in _batch_forward
    out = self.model_(
          ^^^^^^^^^^^^
  File "/home/theo/ds-gradu/.venv/lib/python3.12/site-packages/torch/nn/modules/module.py", line 1779, in _wrapped_call_impl
    return self._call_impl(*args, **kwargs)
           ^^^^^^^^^^^^^^^^^^^^^^^^^^^^^^^^
  File "/home/theo/ds-gradu/.venv/lib/python3.12/site-packages/torch/nn/modules/module.py", line 1790, in _call_impl
    return forward_call(*args, **kwargs)
           ^^^^^^^^^^^^^^^^^^^^^^^^^^^^^
  File "/home/theo/ds-gradu/.venv/lib/python3.12/site-packages/tabicl/model/tabicl.py", line 491, in forward
    out = self._inference_forward(
          ^^^^^^^^^^^^^^^^^^^^^^^^
  File "/home/theo/ds-gradu/.venv/lib/python3.12/site-packages/tabicl/model/tabicl.py", line 402, in _inference_forward
    self.col_embedder(
  File "/home/theo/ds-gradu/.venv/lib/python3.12/site-packages/torch/nn/modules/module.py", line 1779, in _wrapped_call_impl
    return self._call_impl(*args, **kwargs)
           ^^^^^^^^^^^^^^^^^^^^^^^^^^^^^^^^
  File "/home/theo/ds-gradu/.venv/lib/python3.12/site-packages/torch/nn/modules/module.py", line 1790, in _call_impl
    return forward_call(*args, **kwargs)
           ^^^^^^^^^^^^^^^^^^^^^^^^^^^^^
  File "/home/theo/ds-gradu/.venv/lib/python3.12/site-packages/tabicl/model/embedding.py", line 730, in forward
    embeddings = self._inference_forward(X, y_train, embed_with_test, feature_shuffles, mgr_config)
                 ^^^^^^^^^^^^^^^^^^^^^^^^^^^^^^^^^^^^^^^^^^^^^^^^^^^^^^^^^^^^^^^^^^^^^^^^^^^^^^^^^^
  File "/home/theo/ds-gradu/.venv/lib/python3.12/site-packages/tabicl/model/embedding.py", line 570, in _inference_forward
    embeddings = self._inference_with_feature_group(X, y_train, train_size, embed_with_test)
                 ^^^^^^^^^^^^^^^^^^^^^^^^^^^^^^^^^^^^^^^^^^^^^^^^^^^^^^^^^^^^^^^^^^^^^^^^^^^
  File "/home/theo/ds-gradu/.venv/lib/python3.12/site-packages/tabicl/model/embedding.py", line 594, in _inference_with_feature_group
    return self.inference_mgr(
           ^^^^^^^^^^^^^^^^^^^
  File "/home/theo/ds-gradu/.venv/lib/python3.12/site-packages/tabicl/model/inference.py", line 1198, in __call__
    outputs, _ = self._allocate_output_buffer(mode, tuple(output_shape), input_dtype)
                 ^^^^^^^^^^^^^^^^^^^^^^^^^^^^^^^^^^^^^^^^^^^^^^^^^^^^^^^^^^^^^^^^^^^^
  File "/home/theo/ds-gradu/.venv/lib/python3.12/site-packages/tabicl/model/inference.py", line 1001, in _allocate_output_buffer
    raise RuntimeError(
RuntimeError: CPU memory allocation failed (CUDA error: out of memory
Search for `cudaErrorMemoryAllocation' in https://docs.nvidia.com/cuda/cuda-runtime-api/group__CUDART__TYPES.html for more information.
CUDA kernel errors might be asynchronously reported at some other API call, so the stacktrace below might be incorrect.
For debugging consider passing CUDA_LAUNCH_BLOCKING=1
Compile with `TORCH_USE_CUDA_DSA` to enable device-side assertions.
) and disk offload is not available. Please specify disk_offload_dir in the configuration to enable disk offloading, or reduce the output size (estimated: 24327MB).
exit=1, cells still pending -- relaunching in 30s
=== attempt 21 2026-07-25T05:20:49+03:00 ===
Total: 20  pending: 10  done: 10
eu_cc: 284807 rows, 492 frauds, 5-fold stratified CV (cv_seed=42)

### tabiclv2 n_est=12: 10 cells ###
Traceback (most recent call last):
  File "/home/theo/ds-gradu/.venv/lib/python3.12/site-packages/tabicl/model/inference.py", line 995, in _allocate_output_buffer
    out = torch.empty(shape, dtype=dtype, device="cpu", pin_memory=use_pinned)
          ^^^^^^^^^^^^^^^^^^^^^^^^^^^^^^^^^^^^^^^^^^^^^^^^^^^^^^^^^^^^^^^^^^^^
torch.AcceleratorError: CUDA error: out of memory
Search for `cudaErrorMemoryAllocation' in https://docs.nvidia.com/cuda/cuda-runtime-api/group__CUDART__TYPES.html for more information.
CUDA kernel errors might be asynchronously reported at some other API call, so the stacktrace below might be incorrect.
For debugging consider passing CUDA_LAUNCH_BLOCKING=1
Compile with `TORCH_USE_CUDA_DSA` to enable device-side assertions.


The above exception was the direct cause of the following exception:

Traceback (most recent call last):
  File "/home/theo/ds-gradu/scripts/run_eucc_sota_cv.py", line 213, in <module>
    main()
  File "/home/theo/ds-gradu/scripts/run_eucc_sota_cv.py", line 166, in main
    probs = _predict_proba_batched(mdl, X[te_idx], batch_size=PREDICT_CHUNK)
            ^^^^^^^^^^^^^^^^^^^^^^^^^^^^^^^^^^^^^^^^^^^^^^^^^^^^^^^^^^^^^^^^
  File "/home/theo/ds-gradu/src/experiment/runner.py", line 290, in _predict_proba_batched
    parts.append(model.predict_proba(chunk)[:, 1])
                 ^^^^^^^^^^^^^^^^^^^^^^^^^^
  File "/home/theo/ds-gradu/src/models/ftm.py", line 203, in predict_proba
    proba = self._model.predict_proba(X)
            ^^^^^^^^^^^^^^^^^^^^^^^^^^^^
  File "/home/theo/ds-gradu/.venv/lib/python3.12/site-packages/tabicl/sklearn/classifier.py", line 727, in predict_proba
    outputs.append(self._batch_forward(Xs, ys, feature_shuffles))
                   ^^^^^^^^^^^^^^^^^^^^^^^^^^^^^^^^^^^^^^^^^^^^^
  File "/home/theo/ds-gradu/.venv/lib/python3.12/site-packages/tabicl/sklearn/classifier.py", line 597, in _batch_forward
    out = self.model_(
          ^^^^^^^^^^^^
  File "/home/theo/ds-gradu/.venv/lib/python3.12/site-packages/torch/nn/modules/module.py", line 1779, in _wrapped_call_impl
    return self._call_impl(*args, **kwargs)
           ^^^^^^^^^^^^^^^^^^^^^^^^^^^^^^^^
  File "/home/theo/ds-gradu/.venv/lib/python3.12/site-packages/torch/nn/modules/module.py", line 1790, in _call_impl
    return forward_call(*args, **kwargs)
           ^^^^^^^^^^^^^^^^^^^^^^^^^^^^^
  File "/home/theo/ds-gradu/.venv/lib/python3.12/site-packages/tabicl/model/tabicl.py", line 491, in forward
    out = self._inference_forward(
          ^^^^^^^^^^^^^^^^^^^^^^^^
  File "/home/theo/ds-gradu/.venv/lib/python3.12/site-packages/tabicl/model/tabicl.py", line 402, in _inference_forward
    self.col_embedder(
  File "/home/theo/ds-gradu/.venv/lib/python3.12/site-packages/torch/nn/modules/module.py", line 1779, in _wrapped_call_impl
    return self._call_impl(*args, **kwargs)
           ^^^^^^^^^^^^^^^^^^^^^^^^^^^^^^^^
  File "/home/theo/ds-gradu/.venv/lib/python3.12/site-packages/torch/nn/modules/module.py", line 1790, in _call_impl
    return forward_call(*args, **kwargs)
           ^^^^^^^^^^^^^^^^^^^^^^^^^^^^^
  File "/home/theo/ds-gradu/.venv/lib/python3.12/site-packages/tabicl/model/embedding.py", line 730, in forward
    embeddings = self._inference_forward(X, y_train, embed_with_test, feature_shuffles, mgr_config)
                 ^^^^^^^^^^^^^^^^^^^^^^^^^^^^^^^^^^^^^^^^^^^^^^^^^^^^^^^^^^^^^^^^^^^^^^^^^^^^^^^^^^
  File "/home/theo/ds-gradu/.venv/lib/python3.12/site-packages/tabicl/model/embedding.py", line 570, in _inference_forward
    embeddings = self._inference_with_feature_group(X, y_train, train_size, embed_with_test)
                 ^^^^^^^^^^^^^^^^^^^^^^^^^^^^^^^^^^^^^^^^^^^^^^^^^^^^^^^^^^^^^^^^^^^^^^^^^^^
  File "/home/theo/ds-gradu/.venv/lib/python3.12/site-packages/tabicl/model/embedding.py", line 594, in _inference_with_feature_group
    return self.inference_mgr(
           ^^^^^^^^^^^^^^^^^^^
  File "/home/theo/ds-gradu/.venv/lib/python3.12/site-packages/tabicl/model/inference.py", line 1198, in __call__
    outputs, _ = self._allocate_output_buffer(mode, tuple(output_shape), input_dtype)
                 ^^^^^^^^^^^^^^^^^^^^^^^^^^^^^^^^^^^^^^^^^^^^^^^^^^^^^^^^^^^^^^^^^^^^
  File "/home/theo/ds-gradu/.venv/lib/python3.12/site-packages/tabicl/model/inference.py", line 1001, in _allocate_output_buffer
    raise RuntimeError(
RuntimeError: CPU memory allocation failed (CUDA error: out of memory
Search for `cudaErrorMemoryAllocation' in https://docs.nvidia.com/cuda/cuda-runtime-api/group__CUDART__TYPES.html for more information.
CUDA kernel errors might be asynchronously reported at some other API call, so the stacktrace below might be incorrect.
For debugging consider passing CUDA_LAUNCH_BLOCKING=1
Compile with `TORCH_USE_CUDA_DSA` to enable device-side assertions.
) and disk offload is not available. Please specify disk_offload_dir in the configuration to enable disk offloading, or reduce the output size (estimated: 24327MB).
exit=1, cells still pending -- relaunching in 30s
=== attempt 22 2026-07-25T05:21:24+03:00 ===
Total: 20  pending: 10  done: 10
eu_cc: 284807 rows, 492 frauds, 5-fold stratified CV (cv_seed=42)

### tabiclv2 n_est=12: 10 cells ###
Traceback (most recent call last):
  File "/home/theo/ds-gradu/.venv/lib/python3.12/site-packages/tabicl/model/inference.py", line 995, in _allocate_output_buffer
    out = torch.empty(shape, dtype=dtype, device="cpu", pin_memory=use_pinned)
          ^^^^^^^^^^^^^^^^^^^^^^^^^^^^^^^^^^^^^^^^^^^^^^^^^^^^^^^^^^^^^^^^^^^^
torch.AcceleratorError: CUDA error: out of memory
Search for `cudaErrorMemoryAllocation' in https://docs.nvidia.com/cuda/cuda-runtime-api/group__CUDART__TYPES.html for more information.
CUDA kernel errors might be asynchronously reported at some other API call, so the stacktrace below might be incorrect.
For debugging consider passing CUDA_LAUNCH_BLOCKING=1
Compile with `TORCH_USE_CUDA_DSA` to enable device-side assertions.


The above exception was the direct cause of the following exception:

Traceback (most recent call last):
  File "/home/theo/ds-gradu/scripts/run_eucc_sota_cv.py", line 213, in <module>
    main()
  File "/home/theo/ds-gradu/scripts/run_eucc_sota_cv.py", line 166, in main
    probs = _predict_proba_batched(mdl, X[te_idx], batch_size=PREDICT_CHUNK)
            ^^^^^^^^^^^^^^^^^^^^^^^^^^^^^^^^^^^^^^^^^^^^^^^^^^^^^^^^^^^^^^^^
  File "/home/theo/ds-gradu/src/experiment/runner.py", line 290, in _predict_proba_batched
    parts.append(model.predict_proba(chunk)[:, 1])
                 ^^^^^^^^^^^^^^^^^^^^^^^^^^
  File "/home/theo/ds-gradu/src/models/ftm.py", line 203, in predict_proba
    proba = self._model.predict_proba(X)
            ^^^^^^^^^^^^^^^^^^^^^^^^^^^^
  File "/home/theo/ds-gradu/.venv/lib/python3.12/site-packages/tabicl/sklearn/classifier.py", line 727, in predict_proba
    outputs.append(self._batch_forward(Xs, ys, feature_shuffles))
                   ^^^^^^^^^^^^^^^^^^^^^^^^^^^^^^^^^^^^^^^^^^^^^
  File "/home/theo/ds-gradu/.venv/lib/python3.12/site-packages/tabicl/sklearn/classifier.py", line 597, in _batch_forward
    out = self.model_(
          ^^^^^^^^^^^^
  File "/home/theo/ds-gradu/.venv/lib/python3.12/site-packages/torch/nn/modules/module.py", line 1779, in _wrapped_call_impl
    return self._call_impl(*args, **kwargs)
           ^^^^^^^^^^^^^^^^^^^^^^^^^^^^^^^^
  File "/home/theo/ds-gradu/.venv/lib/python3.12/site-packages/torch/nn/modules/module.py", line 1790, in _call_impl
    return forward_call(*args, **kwargs)
           ^^^^^^^^^^^^^^^^^^^^^^^^^^^^^
  File "/home/theo/ds-gradu/.venv/lib/python3.12/site-packages/tabicl/model/tabicl.py", line 491, in forward
    out = self._inference_forward(
          ^^^^^^^^^^^^^^^^^^^^^^^^
  File "/home/theo/ds-gradu/.venv/lib/python3.12/site-packages/tabicl/model/tabicl.py", line 402, in _inference_forward
    self.col_embedder(
  File "/home/theo/ds-gradu/.venv/lib/python3.12/site-packages/torch/nn/modules/module.py", line 1779, in _wrapped_call_impl
    return self._call_impl(*args, **kwargs)
           ^^^^^^^^^^^^^^^^^^^^^^^^^^^^^^^^
  File "/home/theo/ds-gradu/.venv/lib/python3.12/site-packages/torch/nn/modules/module.py", line 1790, in _call_impl
    return forward_call(*args, **kwargs)
           ^^^^^^^^^^^^^^^^^^^^^^^^^^^^^
  File "/home/theo/ds-gradu/.venv/lib/python3.12/site-packages/tabicl/model/embedding.py", line 730, in forward
    embeddings = self._inference_forward(X, y_train, embed_with_test, feature_shuffles, mgr_config)
                 ^^^^^^^^^^^^^^^^^^^^^^^^^^^^^^^^^^^^^^^^^^^^^^^^^^^^^^^^^^^^^^^^^^^^^^^^^^^^^^^^^^
  File "/home/theo/ds-gradu/.venv/lib/python3.12/site-packages/tabicl/model/embedding.py", line 570, in _inference_forward
    embeddings = self._inference_with_feature_group(X, y_train, train_size, embed_with_test)
                 ^^^^^^^^^^^^^^^^^^^^^^^^^^^^^^^^^^^^^^^^^^^^^^^^^^^^^^^^^^^^^^^^^^^^^^^^^^^
  File "/home/theo/ds-gradu/.venv/lib/python3.12/site-packages/tabicl/model/embedding.py", line 594, in _inference_with_feature_group
    return self.inference_mgr(
           ^^^^^^^^^^^^^^^^^^^
  File "/home/theo/ds-gradu/.venv/lib/python3.12/site-packages/tabicl/model/inference.py", line 1198, in __call__
    outputs, _ = self._allocate_output_buffer(mode, tuple(output_shape), input_dtype)
                 ^^^^^^^^^^^^^^^^^^^^^^^^^^^^^^^^^^^^^^^^^^^^^^^^^^^^^^^^^^^^^^^^^^^^
  File "/home/theo/ds-gradu/.venv/lib/python3.12/site-packages/tabicl/model/inference.py", line 1001, in _allocate_output_buffer
    raise RuntimeError(
RuntimeError: CPU memory allocation failed (CUDA error: out of memory
Search for `cudaErrorMemoryAllocation' in https://docs.nvidia.com/cuda/cuda-runtime-api/group__CUDART__TYPES.html for more information.
CUDA kernel errors might be asynchronously reported at some other API call, so the stacktrace below might be incorrect.
For debugging consider passing CUDA_LAUNCH_BLOCKING=1
Compile with `TORCH_USE_CUDA_DSA` to enable device-side assertions.
) and disk offload is not available. Please specify disk_offload_dir in the configuration to enable disk offloading, or reduce the output size (estimated: 24327MB).
exit=1, cells still pending -- relaunching in 30s
=== attempt 23 2026-07-25T05:22:00+03:00 ===
Total: 20  pending: 10  done: 10
eu_cc: 284807 rows, 492 frauds, 5-fold stratified CV (cv_seed=42)

### tabiclv2 n_est=12: 10 cells ###
Traceback (most recent call last):
  File "/home/theo/ds-gradu/.venv/lib/python3.12/site-packages/tabicl/model/inference.py", line 995, in _allocate_output_buffer
    out = torch.empty(shape, dtype=dtype, device="cpu", pin_memory=use_pinned)
          ^^^^^^^^^^^^^^^^^^^^^^^^^^^^^^^^^^^^^^^^^^^^^^^^^^^^^^^^^^^^^^^^^^^^
torch.AcceleratorError: CUDA error: out of memory
Search for `cudaErrorMemoryAllocation' in https://docs.nvidia.com/cuda/cuda-runtime-api/group__CUDART__TYPES.html for more information.
CUDA kernel errors might be asynchronously reported at some other API call, so the stacktrace below might be incorrect.
For debugging consider passing CUDA_LAUNCH_BLOCKING=1
Compile with `TORCH_USE_CUDA_DSA` to enable device-side assertions.


The above exception was the direct cause of the following exception:

Traceback (most recent call last):
  File "/home/theo/ds-gradu/scripts/run_eucc_sota_cv.py", line 213, in <module>
    main()
  File "/home/theo/ds-gradu/scripts/run_eucc_sota_cv.py", line 166, in main
    probs = _predict_proba_batched(mdl, X[te_idx], batch_size=PREDICT_CHUNK)
            ^^^^^^^^^^^^^^^^^^^^^^^^^^^^^^^^^^^^^^^^^^^^^^^^^^^^^^^^^^^^^^^^
  File "/home/theo/ds-gradu/src/experiment/runner.py", line 290, in _predict_proba_batched
    parts.append(model.predict_proba(chunk)[:, 1])
                 ^^^^^^^^^^^^^^^^^^^^^^^^^^
  File "/home/theo/ds-gradu/src/models/ftm.py", line 203, in predict_proba
    proba = self._model.predict_proba(X)
            ^^^^^^^^^^^^^^^^^^^^^^^^^^^^
  File "/home/theo/ds-gradu/.venv/lib/python3.12/site-packages/tabicl/sklearn/classifier.py", line 727, in predict_proba
    outputs.append(self._batch_forward(Xs, ys, feature_shuffles))
                   ^^^^^^^^^^^^^^^^^^^^^^^^^^^^^^^^^^^^^^^^^^^^^
  File "/home/theo/ds-gradu/.venv/lib/python3.12/site-packages/tabicl/sklearn/classifier.py", line 597, in _batch_forward
    out = self.model_(
          ^^^^^^^^^^^^
  File "/home/theo/ds-gradu/.venv/lib/python3.12/site-packages/torch/nn/modules/module.py", line 1779, in _wrapped_call_impl
    return self._call_impl(*args, **kwargs)
           ^^^^^^^^^^^^^^^^^^^^^^^^^^^^^^^^
  File "/home/theo/ds-gradu/.venv/lib/python3.12/site-packages/torch/nn/modules/module.py", line 1790, in _call_impl
    return forward_call(*args, **kwargs)
           ^^^^^^^^^^^^^^^^^^^^^^^^^^^^^
  File "/home/theo/ds-gradu/.venv/lib/python3.12/site-packages/tabicl/model/tabicl.py", line 491, in forward
    out = self._inference_forward(
          ^^^^^^^^^^^^^^^^^^^^^^^^
  File "/home/theo/ds-gradu/.venv/lib/python3.12/site-packages/tabicl/model/tabicl.py", line 402, in _inference_forward
    self.col_embedder(
  File "/home/theo/ds-gradu/.venv/lib/python3.12/site-packages/torch/nn/modules/module.py", line 1779, in _wrapped_call_impl
    return self._call_impl(*args, **kwargs)
           ^^^^^^^^^^^^^^^^^^^^^^^^^^^^^^^^
  File "/home/theo/ds-gradu/.venv/lib/python3.12/site-packages/torch/nn/modules/module.py", line 1790, in _call_impl
    return forward_call(*args, **kwargs)
           ^^^^^^^^^^^^^^^^^^^^^^^^^^^^^
  File "/home/theo/ds-gradu/.venv/lib/python3.12/site-packages/tabicl/model/embedding.py", line 730, in forward
    embeddings = self._inference_forward(X, y_train, embed_with_test, feature_shuffles, mgr_config)
                 ^^^^^^^^^^^^^^^^^^^^^^^^^^^^^^^^^^^^^^^^^^^^^^^^^^^^^^^^^^^^^^^^^^^^^^^^^^^^^^^^^^
  File "/home/theo/ds-gradu/.venv/lib/python3.12/site-packages/tabicl/model/embedding.py", line 570, in _inference_forward
    embeddings = self._inference_with_feature_group(X, y_train, train_size, embed_with_test)
                 ^^^^^^^^^^^^^^^^^^^^^^^^^^^^^^^^^^^^^^^^^^^^^^^^^^^^^^^^^^^^^^^^^^^^^^^^^^^
  File "/home/theo/ds-gradu/.venv/lib/python3.12/site-packages/tabicl/model/embedding.py", line 594, in _inference_with_feature_group
    return self.inference_mgr(
           ^^^^^^^^^^^^^^^^^^^
  File "/home/theo/ds-gradu/.venv/lib/python3.12/site-packages/tabicl/model/inference.py", line 1198, in __call__
    outputs, _ = self._allocate_output_buffer(mode, tuple(output_shape), input_dtype)
                 ^^^^^^^^^^^^^^^^^^^^^^^^^^^^^^^^^^^^^^^^^^^^^^^^^^^^^^^^^^^^^^^^^^^^
  File "/home/theo/ds-gradu/.venv/lib/python3.12/site-packages/tabicl/model/inference.py", line 1001, in _allocate_output_buffer
    raise RuntimeError(
RuntimeError: CPU memory allocation failed (CUDA error: out of memory
Search for `cudaErrorMemoryAllocation' in https://docs.nvidia.com/cuda/cuda-runtime-api/group__CUDART__TYPES.html for more information.
CUDA kernel errors might be asynchronously reported at some other API call, so the stacktrace below might be incorrect.
For debugging consider passing CUDA_LAUNCH_BLOCKING=1
Compile with `TORCH_USE_CUDA_DSA` to enable device-side assertions.
) and disk offload is not available. Please specify disk_offload_dir in the configuration to enable disk offloading, or reduce the output size (estimated: 24327MB).
exit=1, cells still pending -- relaunching in 30s
=== attempt 24 2026-07-25T05:22:35+03:00 ===
Total: 20  pending: 10  done: 10
eu_cc: 284807 rows, 492 frauds, 5-fold stratified CV (cv_seed=42)

### tabiclv2 n_est=12: 10 cells ###
Traceback (most recent call last):
  File "/home/theo/ds-gradu/.venv/lib/python3.12/site-packages/tabicl/model/inference.py", line 995, in _allocate_output_buffer
    out = torch.empty(shape, dtype=dtype, device="cpu", pin_memory=use_pinned)
          ^^^^^^^^^^^^^^^^^^^^^^^^^^^^^^^^^^^^^^^^^^^^^^^^^^^^^^^^^^^^^^^^^^^^
torch.AcceleratorError: CUDA error: out of memory
Search for `cudaErrorMemoryAllocation' in https://docs.nvidia.com/cuda/cuda-runtime-api/group__CUDART__TYPES.html for more information.
CUDA kernel errors might be asynchronously reported at some other API call, so the stacktrace below might be incorrect.
For debugging consider passing CUDA_LAUNCH_BLOCKING=1
Compile with `TORCH_USE_CUDA_DSA` to enable device-side assertions.


The above exception was the direct cause of the following exception:

Traceback (most recent call last):
  File "/home/theo/ds-gradu/scripts/run_eucc_sota_cv.py", line 213, in <module>
    main()
  File "/home/theo/ds-gradu/scripts/run_eucc_sota_cv.py", line 166, in main
    probs = _predict_proba_batched(mdl, X[te_idx], batch_size=PREDICT_CHUNK)
            ^^^^^^^^^^^^^^^^^^^^^^^^^^^^^^^^^^^^^^^^^^^^^^^^^^^^^^^^^^^^^^^^
  File "/home/theo/ds-gradu/src/experiment/runner.py", line 290, in _predict_proba_batched
    parts.append(model.predict_proba(chunk)[:, 1])
                 ^^^^^^^^^^^^^^^^^^^^^^^^^^
  File "/home/theo/ds-gradu/src/models/ftm.py", line 203, in predict_proba
    proba = self._model.predict_proba(X)
            ^^^^^^^^^^^^^^^^^^^^^^^^^^^^
  File "/home/theo/ds-gradu/.venv/lib/python3.12/site-packages/tabicl/sklearn/classifier.py", line 727, in predict_proba
    outputs.append(self._batch_forward(Xs, ys, feature_shuffles))
                   ^^^^^^^^^^^^^^^^^^^^^^^^^^^^^^^^^^^^^^^^^^^^^
  File "/home/theo/ds-gradu/.venv/lib/python3.12/site-packages/tabicl/sklearn/classifier.py", line 597, in _batch_forward
    out = self.model_(
          ^^^^^^^^^^^^
  File "/home/theo/ds-gradu/.venv/lib/python3.12/site-packages/torch/nn/modules/module.py", line 1779, in _wrapped_call_impl
    return self._call_impl(*args, **kwargs)
           ^^^^^^^^^^^^^^^^^^^^^^^^^^^^^^^^
  File "/home/theo/ds-gradu/.venv/lib/python3.12/site-packages/torch/nn/modules/module.py", line 1790, in _call_impl
    return forward_call(*args, **kwargs)
           ^^^^^^^^^^^^^^^^^^^^^^^^^^^^^
  File "/home/theo/ds-gradu/.venv/lib/python3.12/site-packages/tabicl/model/tabicl.py", line 491, in forward
    out = self._inference_forward(
          ^^^^^^^^^^^^^^^^^^^^^^^^
  File "/home/theo/ds-gradu/.venv/lib/python3.12/site-packages/tabicl/model/tabicl.py", line 402, in _inference_forward
    self.col_embedder(
  File "/home/theo/ds-gradu/.venv/lib/python3.12/site-packages/torch/nn/modules/module.py", line 1779, in _wrapped_call_impl
    return self._call_impl(*args, **kwargs)
           ^^^^^^^^^^^^^^^^^^^^^^^^^^^^^^^^
  File "/home/theo/ds-gradu/.venv/lib/python3.12/site-packages/torch/nn/modules/module.py", line 1790, in _call_impl
    return forward_call(*args, **kwargs)
           ^^^^^^^^^^^^^^^^^^^^^^^^^^^^^
  File "/home/theo/ds-gradu/.venv/lib/python3.12/site-packages/tabicl/model/embedding.py", line 730, in forward
    embeddings = self._inference_forward(X, y_train, embed_with_test, feature_shuffles, mgr_config)
                 ^^^^^^^^^^^^^^^^^^^^^^^^^^^^^^^^^^^^^^^^^^^^^^^^^^^^^^^^^^^^^^^^^^^^^^^^^^^^^^^^^^
  File "/home/theo/ds-gradu/.venv/lib/python3.12/site-packages/tabicl/model/embedding.py", line 570, in _inference_forward
    embeddings = self._inference_with_feature_group(X, y_train, train_size, embed_with_test)
                 ^^^^^^^^^^^^^^^^^^^^^^^^^^^^^^^^^^^^^^^^^^^^^^^^^^^^^^^^^^^^^^^^^^^^^^^^^^^
  File "/home/theo/ds-gradu/.venv/lib/python3.12/site-packages/tabicl/model/embedding.py", line 594, in _inference_with_feature_group
    return self.inference_mgr(
           ^^^^^^^^^^^^^^^^^^^
  File "/home/theo/ds-gradu/.venv/lib/python3.12/site-packages/tabicl/model/inference.py", line 1198, in __call__
    outputs, _ = self._allocate_output_buffer(mode, tuple(output_shape), input_dtype)
                 ^^^^^^^^^^^^^^^^^^^^^^^^^^^^^^^^^^^^^^^^^^^^^^^^^^^^^^^^^^^^^^^^^^^^
  File "/home/theo/ds-gradu/.venv/lib/python3.12/site-packages/tabicl/model/inference.py", line 1001, in _allocate_output_buffer
    raise RuntimeError(
RuntimeError: CPU memory allocation failed (CUDA error: out of memory
Search for `cudaErrorMemoryAllocation' in https://docs.nvidia.com/cuda/cuda-runtime-api/group__CUDART__TYPES.html for more information.
CUDA kernel errors might be asynchronously reported at some other API call, so the stacktrace below might be incorrect.
For debugging consider passing CUDA_LAUNCH_BLOCKING=1
Compile with `TORCH_USE_CUDA_DSA` to enable device-side assertions.
) and disk offload is not available. Please specify disk_offload_dir in the configuration to enable disk offloading, or reduce the output size (estimated: 24327MB).
exit=1, cells still pending -- relaunching in 30s
=== attempt 25 2026-07-25T05:23:11+03:00 ===
Total: 20  pending: 10  done: 10
eu_cc: 284807 rows, 492 frauds, 5-fold stratified CV (cv_seed=42)

### tabiclv2 n_est=12: 10 cells ###
Traceback (most recent call last):
  File "/home/theo/ds-gradu/.venv/lib/python3.12/site-packages/tabicl/model/inference.py", line 995, in _allocate_output_buffer
    out = torch.empty(shape, dtype=dtype, device="cpu", pin_memory=use_pinned)
          ^^^^^^^^^^^^^^^^^^^^^^^^^^^^^^^^^^^^^^^^^^^^^^^^^^^^^^^^^^^^^^^^^^^^
torch.AcceleratorError: CUDA error: out of memory
Search for `cudaErrorMemoryAllocation' in https://docs.nvidia.com/cuda/cuda-runtime-api/group__CUDART__TYPES.html for more information.
CUDA kernel errors might be asynchronously reported at some other API call, so the stacktrace below might be incorrect.
For debugging consider passing CUDA_LAUNCH_BLOCKING=1
Compile with `TORCH_USE_CUDA_DSA` to enable device-side assertions.


The above exception was the direct cause of the following exception:

Traceback (most recent call last):
  File "/home/theo/ds-gradu/scripts/run_eucc_sota_cv.py", line 213, in <module>
    main()
  File "/home/theo/ds-gradu/scripts/run_eucc_sota_cv.py", line 166, in main
    probs = _predict_proba_batched(mdl, X[te_idx], batch_size=PREDICT_CHUNK)
            ^^^^^^^^^^^^^^^^^^^^^^^^^^^^^^^^^^^^^^^^^^^^^^^^^^^^^^^^^^^^^^^^
  File "/home/theo/ds-gradu/src/experiment/runner.py", line 290, in _predict_proba_batched
    parts.append(model.predict_proba(chunk)[:, 1])
                 ^^^^^^^^^^^^^^^^^^^^^^^^^^
  File "/home/theo/ds-gradu/src/models/ftm.py", line 203, in predict_proba
    proba = self._model.predict_proba(X)
            ^^^^^^^^^^^^^^^^^^^^^^^^^^^^
  File "/home/theo/ds-gradu/.venv/lib/python3.12/site-packages/tabicl/sklearn/classifier.py", line 727, in predict_proba
    outputs.append(self._batch_forward(Xs, ys, feature_shuffles))
                   ^^^^^^^^^^^^^^^^^^^^^^^^^^^^^^^^^^^^^^^^^^^^^
  File "/home/theo/ds-gradu/.venv/lib/python3.12/site-packages/tabicl/sklearn/classifier.py", line 597, in _batch_forward
    out = self.model_(
          ^^^^^^^^^^^^
  File "/home/theo/ds-gradu/.venv/lib/python3.12/site-packages/torch/nn/modules/module.py", line 1779, in _wrapped_call_impl
    return self._call_impl(*args, **kwargs)
           ^^^^^^^^^^^^^^^^^^^^^^^^^^^^^^^^
  File "/home/theo/ds-gradu/.venv/lib/python3.12/site-packages/torch/nn/modules/module.py", line 1790, in _call_impl
    return forward_call(*args, **kwargs)
           ^^^^^^^^^^^^^^^^^^^^^^^^^^^^^
  File "/home/theo/ds-gradu/.venv/lib/python3.12/site-packages/tabicl/model/tabicl.py", line 491, in forward
    out = self._inference_forward(
          ^^^^^^^^^^^^^^^^^^^^^^^^
  File "/home/theo/ds-gradu/.venv/lib/python3.12/site-packages/tabicl/model/tabicl.py", line 402, in _inference_forward
    self.col_embedder(
  File "/home/theo/ds-gradu/.venv/lib/python3.12/site-packages/torch/nn/modules/module.py", line 1779, in _wrapped_call_impl
    return self._call_impl(*args, **kwargs)
           ^^^^^^^^^^^^^^^^^^^^^^^^^^^^^^^^
  File "/home/theo/ds-gradu/.venv/lib/python3.12/site-packages/torch/nn/modules/module.py", line 1790, in _call_impl
    return forward_call(*args, **kwargs)
           ^^^^^^^^^^^^^^^^^^^^^^^^^^^^^
  File "/home/theo/ds-gradu/.venv/lib/python3.12/site-packages/tabicl/model/embedding.py", line 730, in forward
    embeddings = self._inference_forward(X, y_train, embed_with_test, feature_shuffles, mgr_config)
                 ^^^^^^^^^^^^^^^^^^^^^^^^^^^^^^^^^^^^^^^^^^^^^^^^^^^^^^^^^^^^^^^^^^^^^^^^^^^^^^^^^^
  File "/home/theo/ds-gradu/.venv/lib/python3.12/site-packages/tabicl/model/embedding.py", line 570, in _inference_forward
    embeddings = self._inference_with_feature_group(X, y_train, train_size, embed_with_test)
                 ^^^^^^^^^^^^^^^^^^^^^^^^^^^^^^^^^^^^^^^^^^^^^^^^^^^^^^^^^^^^^^^^^^^^^^^^^^^
  File "/home/theo/ds-gradu/.venv/lib/python3.12/site-packages/tabicl/model/embedding.py", line 594, in _inference_with_feature_group
    return self.inference_mgr(
           ^^^^^^^^^^^^^^^^^^^
  File "/home/theo/ds-gradu/.venv/lib/python3.12/site-packages/tabicl/model/inference.py", line 1198, in __call__
    outputs, _ = self._allocate_output_buffer(mode, tuple(output_shape), input_dtype)
                 ^^^^^^^^^^^^^^^^^^^^^^^^^^^^^^^^^^^^^^^^^^^^^^^^^^^^^^^^^^^^^^^^^^^^
  File "/home/theo/ds-gradu/.venv/lib/python3.12/site-packages/tabicl/model/inference.py", line 1001, in _allocate_output_buffer
    raise RuntimeError(
RuntimeError: CPU memory allocation failed (CUDA error: out of memory
Search for `cudaErrorMemoryAllocation' in https://docs.nvidia.com/cuda/cuda-runtime-api/group__CUDART__TYPES.html for more information.
CUDA kernel errors might be asynchronously reported at some other API call, so the stacktrace below might be incorrect.
For debugging consider passing CUDA_LAUNCH_BLOCKING=1
Compile with `TORCH_USE_CUDA_DSA` to enable device-side assertions.
) and disk offload is not available. Please specify disk_offload_dir in the configuration to enable disk offloading, or reduce the output size (estimated: 24327MB).
exit=1, cells still pending -- relaunching in 30s
=== attempt 26 2026-07-25T05:23:46+03:00 ===
Total: 20  pending: 10  done: 10
eu_cc: 284807 rows, 492 frauds, 5-fold stratified CV (cv_seed=42)

### tabiclv2 n_est=12: 10 cells ###
Traceback (most recent call last):
  File "/home/theo/ds-gradu/.venv/lib/python3.12/site-packages/tabicl/model/inference.py", line 995, in _allocate_output_buffer
    out = torch.empty(shape, dtype=dtype, device="cpu", pin_memory=use_pinned)
          ^^^^^^^^^^^^^^^^^^^^^^^^^^^^^^^^^^^^^^^^^^^^^^^^^^^^^^^^^^^^^^^^^^^^
torch.AcceleratorError: CUDA error: out of memory
Search for `cudaErrorMemoryAllocation' in https://docs.nvidia.com/cuda/cuda-runtime-api/group__CUDART__TYPES.html for more information.
CUDA kernel errors might be asynchronously reported at some other API call, so the stacktrace below might be incorrect.
For debugging consider passing CUDA_LAUNCH_BLOCKING=1
Compile with `TORCH_USE_CUDA_DSA` to enable device-side assertions.


The above exception was the direct cause of the following exception:

Traceback (most recent call last):
  File "/home/theo/ds-gradu/scripts/run_eucc_sota_cv.py", line 213, in <module>
    main()
  File "/home/theo/ds-gradu/scripts/run_eucc_sota_cv.py", line 166, in main
    probs = _predict_proba_batched(mdl, X[te_idx], batch_size=PREDICT_CHUNK)
            ^^^^^^^^^^^^^^^^^^^^^^^^^^^^^^^^^^^^^^^^^^^^^^^^^^^^^^^^^^^^^^^^
  File "/home/theo/ds-gradu/src/experiment/runner.py", line 290, in _predict_proba_batched
    parts.append(model.predict_proba(chunk)[:, 1])
                 ^^^^^^^^^^^^^^^^^^^^^^^^^^
  File "/home/theo/ds-gradu/src/models/ftm.py", line 203, in predict_proba
    proba = self._model.predict_proba(X)
            ^^^^^^^^^^^^^^^^^^^^^^^^^^^^
  File "/home/theo/ds-gradu/.venv/lib/python3.12/site-packages/tabicl/sklearn/classifier.py", line 727, in predict_proba
    outputs.append(self._batch_forward(Xs, ys, feature_shuffles))
                   ^^^^^^^^^^^^^^^^^^^^^^^^^^^^^^^^^^^^^^^^^^^^^
  File "/home/theo/ds-gradu/.venv/lib/python3.12/site-packages/tabicl/sklearn/classifier.py", line 597, in _batch_forward
    out = self.model_(
          ^^^^^^^^^^^^
  File "/home/theo/ds-gradu/.venv/lib/python3.12/site-packages/torch/nn/modules/module.py", line 1779, in _wrapped_call_impl
    return self._call_impl(*args, **kwargs)
           ^^^^^^^^^^^^^^^^^^^^^^^^^^^^^^^^
  File "/home/theo/ds-gradu/.venv/lib/python3.12/site-packages/torch/nn/modules/module.py", line 1790, in _call_impl
    return forward_call(*args, **kwargs)
           ^^^^^^^^^^^^^^^^^^^^^^^^^^^^^
  File "/home/theo/ds-gradu/.venv/lib/python3.12/site-packages/tabicl/model/tabicl.py", line 491, in forward
    out = self._inference_forward(
          ^^^^^^^^^^^^^^^^^^^^^^^^
  File "/home/theo/ds-gradu/.venv/lib/python3.12/site-packages/tabicl/model/tabicl.py", line 402, in _inference_forward
    self.col_embedder(
  File "/home/theo/ds-gradu/.venv/lib/python3.12/site-packages/torch/nn/modules/module.py", line 1779, in _wrapped_call_impl
    return self._call_impl(*args, **kwargs)
           ^^^^^^^^^^^^^^^^^^^^^^^^^^^^^^^^
  File "/home/theo/ds-gradu/.venv/lib/python3.12/site-packages/torch/nn/modules/module.py", line 1790, in _call_impl
    return forward_call(*args, **kwargs)
           ^^^^^^^^^^^^^^^^^^^^^^^^^^^^^
  File "/home/theo/ds-gradu/.venv/lib/python3.12/site-packages/tabicl/model/embedding.py", line 730, in forward
    embeddings = self._inference_forward(X, y_train, embed_with_test, feature_shuffles, mgr_config)
                 ^^^^^^^^^^^^^^^^^^^^^^^^^^^^^^^^^^^^^^^^^^^^^^^^^^^^^^^^^^^^^^^^^^^^^^^^^^^^^^^^^^
  File "/home/theo/ds-gradu/.venv/lib/python3.12/site-packages/tabicl/model/embedding.py", line 570, in _inference_forward
    embeddings = self._inference_with_feature_group(X, y_train, train_size, embed_with_test)
                 ^^^^^^^^^^^^^^^^^^^^^^^^^^^^^^^^^^^^^^^^^^^^^^^^^^^^^^^^^^^^^^^^^^^^^^^^^^^
  File "/home/theo/ds-gradu/.venv/lib/python3.12/site-packages/tabicl/model/embedding.py", line 594, in _inference_with_feature_group
    return self.inference_mgr(
           ^^^^^^^^^^^^^^^^^^^
  File "/home/theo/ds-gradu/.venv/lib/python3.12/site-packages/tabicl/model/inference.py", line 1198, in __call__
    outputs, _ = self._allocate_output_buffer(mode, tuple(output_shape), input_dtype)
                 ^^^^^^^^^^^^^^^^^^^^^^^^^^^^^^^^^^^^^^^^^^^^^^^^^^^^^^^^^^^^^^^^^^^^
  File "/home/theo/ds-gradu/.venv/lib/python3.12/site-packages/tabicl/model/inference.py", line 1001, in _allocate_output_buffer
    raise RuntimeError(
RuntimeError: CPU memory allocation failed (CUDA error: out of memory
Search for `cudaErrorMemoryAllocation' in https://docs.nvidia.com/cuda/cuda-runtime-api/group__CUDART__TYPES.html for more information.
CUDA kernel errors might be asynchronously reported at some other API call, so the stacktrace below might be incorrect.
For debugging consider passing CUDA_LAUNCH_BLOCKING=1
Compile with `TORCH_USE_CUDA_DSA` to enable device-side assertions.
) and disk offload is not available. Please specify disk_offload_dir in the configuration to enable disk offloading, or reduce the output size (estimated: 24327MB).
exit=1, cells still pending -- relaunching in 30s
=== attempt 27 2026-07-25T05:24:22+03:00 ===
Total: 20  pending: 10  done: 10
eu_cc: 284807 rows, 492 frauds, 5-fold stratified CV (cv_seed=42)

### tabiclv2 n_est=12: 10 cells ###
Traceback (most recent call last):
  File "/home/theo/ds-gradu/.venv/lib/python3.12/site-packages/tabicl/model/inference.py", line 995, in _allocate_output_buffer
    out = torch.empty(shape, dtype=dtype, device="cpu", pin_memory=use_pinned)
          ^^^^^^^^^^^^^^^^^^^^^^^^^^^^^^^^^^^^^^^^^^^^^^^^^^^^^^^^^^^^^^^^^^^^
torch.AcceleratorError: CUDA error: out of memory
Search for `cudaErrorMemoryAllocation' in https://docs.nvidia.com/cuda/cuda-runtime-api/group__CUDART__TYPES.html for more information.
CUDA kernel errors might be asynchronously reported at some other API call, so the stacktrace below might be incorrect.
For debugging consider passing CUDA_LAUNCH_BLOCKING=1
Compile with `TORCH_USE_CUDA_DSA` to enable device-side assertions.


The above exception was the direct cause of the following exception:

Traceback (most recent call last):
  File "/home/theo/ds-gradu/scripts/run_eucc_sota_cv.py", line 213, in <module>
    main()
  File "/home/theo/ds-gradu/scripts/run_eucc_sota_cv.py", line 166, in main
    probs = _predict_proba_batched(mdl, X[te_idx], batch_size=PREDICT_CHUNK)
            ^^^^^^^^^^^^^^^^^^^^^^^^^^^^^^^^^^^^^^^^^^^^^^^^^^^^^^^^^^^^^^^^
  File "/home/theo/ds-gradu/src/experiment/runner.py", line 290, in _predict_proba_batched
    parts.append(model.predict_proba(chunk)[:, 1])
                 ^^^^^^^^^^^^^^^^^^^^^^^^^^
  File "/home/theo/ds-gradu/src/models/ftm.py", line 203, in predict_proba
    proba = self._model.predict_proba(X)
            ^^^^^^^^^^^^^^^^^^^^^^^^^^^^
  File "/home/theo/ds-gradu/.venv/lib/python3.12/site-packages/tabicl/sklearn/classifier.py", line 727, in predict_proba
    outputs.append(self._batch_forward(Xs, ys, feature_shuffles))
                   ^^^^^^^^^^^^^^^^^^^^^^^^^^^^^^^^^^^^^^^^^^^^^
  File "/home/theo/ds-gradu/.venv/lib/python3.12/site-packages/tabicl/sklearn/classifier.py", line 597, in _batch_forward
    out = self.model_(
          ^^^^^^^^^^^^
  File "/home/theo/ds-gradu/.venv/lib/python3.12/site-packages/torch/nn/modules/module.py", line 1779, in _wrapped_call_impl
    return self._call_impl(*args, **kwargs)
           ^^^^^^^^^^^^^^^^^^^^^^^^^^^^^^^^
  File "/home/theo/ds-gradu/.venv/lib/python3.12/site-packages/torch/nn/modules/module.py", line 1790, in _call_impl
    return forward_call(*args, **kwargs)
           ^^^^^^^^^^^^^^^^^^^^^^^^^^^^^
  File "/home/theo/ds-gradu/.venv/lib/python3.12/site-packages/tabicl/model/tabicl.py", line 491, in forward
    out = self._inference_forward(
          ^^^^^^^^^^^^^^^^^^^^^^^^
  File "/home/theo/ds-gradu/.venv/lib/python3.12/site-packages/tabicl/model/tabicl.py", line 402, in _inference_forward
    self.col_embedder(
  File "/home/theo/ds-gradu/.venv/lib/python3.12/site-packages/torch/nn/modules/module.py", line 1779, in _wrapped_call_impl
    return self._call_impl(*args, **kwargs)
           ^^^^^^^^^^^^^^^^^^^^^^^^^^^^^^^^
  File "/home/theo/ds-gradu/.venv/lib/python3.12/site-packages/torch/nn/modules/module.py", line 1790, in _call_impl
    return forward_call(*args, **kwargs)
           ^^^^^^^^^^^^^^^^^^^^^^^^^^^^^
  File "/home/theo/ds-gradu/.venv/lib/python3.12/site-packages/tabicl/model/embedding.py", line 730, in forward
    embeddings = self._inference_forward(X, y_train, embed_with_test, feature_shuffles, mgr_config)
                 ^^^^^^^^^^^^^^^^^^^^^^^^^^^^^^^^^^^^^^^^^^^^^^^^^^^^^^^^^^^^^^^^^^^^^^^^^^^^^^^^^^
  File "/home/theo/ds-gradu/.venv/lib/python3.12/site-packages/tabicl/model/embedding.py", line 570, in _inference_forward
    embeddings = self._inference_with_feature_group(X, y_train, train_size, embed_with_test)
                 ^^^^^^^^^^^^^^^^^^^^^^^^^^^^^^^^^^^^^^^^^^^^^^^^^^^^^^^^^^^^^^^^^^^^^^^^^^^
  File "/home/theo/ds-gradu/.venv/lib/python3.12/site-packages/tabicl/model/embedding.py", line 594, in _inference_with_feature_group
    return self.inference_mgr(
           ^^^^^^^^^^^^^^^^^^^
  File "/home/theo/ds-gradu/.venv/lib/python3.12/site-packages/tabicl/model/inference.py", line 1198, in __call__
    outputs, _ = self._allocate_output_buffer(mode, tuple(output_shape), input_dtype)
                 ^^^^^^^^^^^^^^^^^^^^^^^^^^^^^^^^^^^^^^^^^^^^^^^^^^^^^^^^^^^^^^^^^^^^
  File "/home/theo/ds-gradu/.venv/lib/python3.12/site-packages/tabicl/model/inference.py", line 1001, in _allocate_output_buffer
    raise RuntimeError(
RuntimeError: CPU memory allocation failed (CUDA error: out of memory
Search for `cudaErrorMemoryAllocation' in https://docs.nvidia.com/cuda/cuda-runtime-api/group__CUDART__TYPES.html for more information.
CUDA kernel errors might be asynchronously reported at some other API call, so the stacktrace below might be incorrect.
For debugging consider passing CUDA_LAUNCH_BLOCKING=1
Compile with `TORCH_USE_CUDA_DSA` to enable device-side assertions.
) and disk offload is not available. Please specify disk_offload_dir in the configuration to enable disk offloading, or reduce the output size (estimated: 24327MB).
exit=1, cells still pending -- relaunching in 30s
=== attempt 28 2026-07-25T05:24:58+03:00 ===
Total: 20  pending: 10  done: 10
eu_cc: 284807 rows, 492 frauds, 5-fold stratified CV (cv_seed=42)

### tabiclv2 n_est=12: 10 cells ###
Traceback (most recent call last):
  File "/home/theo/ds-gradu/.venv/lib/python3.12/site-packages/tabicl/model/inference.py", line 995, in _allocate_output_buffer
    out = torch.empty(shape, dtype=dtype, device="cpu", pin_memory=use_pinned)
          ^^^^^^^^^^^^^^^^^^^^^^^^^^^^^^^^^^^^^^^^^^^^^^^^^^^^^^^^^^^^^^^^^^^^
torch.AcceleratorError: CUDA error: out of memory
Search for `cudaErrorMemoryAllocation' in https://docs.nvidia.com/cuda/cuda-runtime-api/group__CUDART__TYPES.html for more information.
CUDA kernel errors might be asynchronously reported at some other API call, so the stacktrace below might be incorrect.
For debugging consider passing CUDA_LAUNCH_BLOCKING=1
Compile with `TORCH_USE_CUDA_DSA` to enable device-side assertions.


The above exception was the direct cause of the following exception:

Traceback (most recent call last):
  File "/home/theo/ds-gradu/scripts/run_eucc_sota_cv.py", line 213, in <module>
    main()
  File "/home/theo/ds-gradu/scripts/run_eucc_sota_cv.py", line 166, in main
    probs = _predict_proba_batched(mdl, X[te_idx], batch_size=PREDICT_CHUNK)
            ^^^^^^^^^^^^^^^^^^^^^^^^^^^^^^^^^^^^^^^^^^^^^^^^^^^^^^^^^^^^^^^^
  File "/home/theo/ds-gradu/src/experiment/runner.py", line 290, in _predict_proba_batched
    parts.append(model.predict_proba(chunk)[:, 1])
                 ^^^^^^^^^^^^^^^^^^^^^^^^^^
  File "/home/theo/ds-gradu/src/models/ftm.py", line 203, in predict_proba
    proba = self._model.predict_proba(X)
            ^^^^^^^^^^^^^^^^^^^^^^^^^^^^
  File "/home/theo/ds-gradu/.venv/lib/python3.12/site-packages/tabicl/sklearn/classifier.py", line 727, in predict_proba
    outputs.append(self._batch_forward(Xs, ys, feature_shuffles))
                   ^^^^^^^^^^^^^^^^^^^^^^^^^^^^^^^^^^^^^^^^^^^^^
  File "/home/theo/ds-gradu/.venv/lib/python3.12/site-packages/tabicl/sklearn/classifier.py", line 597, in _batch_forward
    out = self.model_(
          ^^^^^^^^^^^^
  File "/home/theo/ds-gradu/.venv/lib/python3.12/site-packages/torch/nn/modules/module.py", line 1779, in _wrapped_call_impl
    return self._call_impl(*args, **kwargs)
           ^^^^^^^^^^^^^^^^^^^^^^^^^^^^^^^^
  File "/home/theo/ds-gradu/.venv/lib/python3.12/site-packages/torch/nn/modules/module.py", line 1790, in _call_impl
    return forward_call(*args, **kwargs)
           ^^^^^^^^^^^^^^^^^^^^^^^^^^^^^
  File "/home/theo/ds-gradu/.venv/lib/python3.12/site-packages/tabicl/model/tabicl.py", line 491, in forward
    out = self._inference_forward(
          ^^^^^^^^^^^^^^^^^^^^^^^^
  File "/home/theo/ds-gradu/.venv/lib/python3.12/site-packages/tabicl/model/tabicl.py", line 402, in _inference_forward
    self.col_embedder(
  File "/home/theo/ds-gradu/.venv/lib/python3.12/site-packages/torch/nn/modules/module.py", line 1779, in _wrapped_call_impl
    return self._call_impl(*args, **kwargs)
           ^^^^^^^^^^^^^^^^^^^^^^^^^^^^^^^^
  File "/home/theo/ds-gradu/.venv/lib/python3.12/site-packages/torch/nn/modules/module.py", line 1790, in _call_impl
    return forward_call(*args, **kwargs)
           ^^^^^^^^^^^^^^^^^^^^^^^^^^^^^
  File "/home/theo/ds-gradu/.venv/lib/python3.12/site-packages/tabicl/model/embedding.py", line 730, in forward
    embeddings = self._inference_forward(X, y_train, embed_with_test, feature_shuffles, mgr_config)
                 ^^^^^^^^^^^^^^^^^^^^^^^^^^^^^^^^^^^^^^^^^^^^^^^^^^^^^^^^^^^^^^^^^^^^^^^^^^^^^^^^^^
  File "/home/theo/ds-gradu/.venv/lib/python3.12/site-packages/tabicl/model/embedding.py", line 570, in _inference_forward
    embeddings = self._inference_with_feature_group(X, y_train, train_size, embed_with_test)
                 ^^^^^^^^^^^^^^^^^^^^^^^^^^^^^^^^^^^^^^^^^^^^^^^^^^^^^^^^^^^^^^^^^^^^^^^^^^^
  File "/home/theo/ds-gradu/.venv/lib/python3.12/site-packages/tabicl/model/embedding.py", line 594, in _inference_with_feature_group
    return self.inference_mgr(
           ^^^^^^^^^^^^^^^^^^^
  File "/home/theo/ds-gradu/.venv/lib/python3.12/site-packages/tabicl/model/inference.py", line 1198, in __call__
    outputs, _ = self._allocate_output_buffer(mode, tuple(output_shape), input_dtype)
                 ^^^^^^^^^^^^^^^^^^^^^^^^^^^^^^^^^^^^^^^^^^^^^^^^^^^^^^^^^^^^^^^^^^^^
  File "/home/theo/ds-gradu/.venv/lib/python3.12/site-packages/tabicl/model/inference.py", line 1001, in _allocate_output_buffer
    raise RuntimeError(
RuntimeError: CPU memory allocation failed (CUDA error: out of memory
Search for `cudaErrorMemoryAllocation' in https://docs.nvidia.com/cuda/cuda-runtime-api/group__CUDART__TYPES.html for more information.
CUDA kernel errors might be asynchronously reported at some other API call, so the stacktrace below might be incorrect.
For debugging consider passing CUDA_LAUNCH_BLOCKING=1
Compile with `TORCH_USE_CUDA_DSA` to enable device-side assertions.
) and disk offload is not available. Please specify disk_offload_dir in the configuration to enable disk offloading, or reduce the output size (estimated: 24327MB).
exit=1, cells still pending -- relaunching in 30s
=== attempt 29 2026-07-25T05:25:33+03:00 ===
Total: 20  pending: 10  done: 10
eu_cc: 284807 rows, 492 frauds, 5-fold stratified CV (cv_seed=42)

### tabiclv2 n_est=12: 10 cells ###
Traceback (most recent call last):
  File "/home/theo/ds-gradu/.venv/lib/python3.12/site-packages/tabicl/model/inference.py", line 995, in _allocate_output_buffer
    out = torch.empty(shape, dtype=dtype, device="cpu", pin_memory=use_pinned)
          ^^^^^^^^^^^^^^^^^^^^^^^^^^^^^^^^^^^^^^^^^^^^^^^^^^^^^^^^^^^^^^^^^^^^
torch.AcceleratorError: CUDA error: out of memory
Search for `cudaErrorMemoryAllocation' in https://docs.nvidia.com/cuda/cuda-runtime-api/group__CUDART__TYPES.html for more information.
CUDA kernel errors might be asynchronously reported at some other API call, so the stacktrace below might be incorrect.
For debugging consider passing CUDA_LAUNCH_BLOCKING=1
Compile with `TORCH_USE_CUDA_DSA` to enable device-side assertions.


The above exception was the direct cause of the following exception:

Traceback (most recent call last):
  File "/home/theo/ds-gradu/scripts/run_eucc_sota_cv.py", line 213, in <module>
    main()
  File "/home/theo/ds-gradu/scripts/run_eucc_sota_cv.py", line 166, in main
    probs = _predict_proba_batched(mdl, X[te_idx], batch_size=PREDICT_CHUNK)
            ^^^^^^^^^^^^^^^^^^^^^^^^^^^^^^^^^^^^^^^^^^^^^^^^^^^^^^^^^^^^^^^^
  File "/home/theo/ds-gradu/src/experiment/runner.py", line 290, in _predict_proba_batched
    parts.append(model.predict_proba(chunk)[:, 1])
                 ^^^^^^^^^^^^^^^^^^^^^^^^^^
  File "/home/theo/ds-gradu/src/models/ftm.py", line 203, in predict_proba
    proba = self._model.predict_proba(X)
            ^^^^^^^^^^^^^^^^^^^^^^^^^^^^
  File "/home/theo/ds-gradu/.venv/lib/python3.12/site-packages/tabicl/sklearn/classifier.py", line 727, in predict_proba
    outputs.append(self._batch_forward(Xs, ys, feature_shuffles))
                   ^^^^^^^^^^^^^^^^^^^^^^^^^^^^^^^^^^^^^^^^^^^^^
  File "/home/theo/ds-gradu/.venv/lib/python3.12/site-packages/tabicl/sklearn/classifier.py", line 597, in _batch_forward
    out = self.model_(
          ^^^^^^^^^^^^
  File "/home/theo/ds-gradu/.venv/lib/python3.12/site-packages/torch/nn/modules/module.py", line 1779, in _wrapped_call_impl
    return self._call_impl(*args, **kwargs)
           ^^^^^^^^^^^^^^^^^^^^^^^^^^^^^^^^
  File "/home/theo/ds-gradu/.venv/lib/python3.12/site-packages/torch/nn/modules/module.py", line 1790, in _call_impl
    return forward_call(*args, **kwargs)
           ^^^^^^^^^^^^^^^^^^^^^^^^^^^^^
  File "/home/theo/ds-gradu/.venv/lib/python3.12/site-packages/tabicl/model/tabicl.py", line 491, in forward
    out = self._inference_forward(
          ^^^^^^^^^^^^^^^^^^^^^^^^
  File "/home/theo/ds-gradu/.venv/lib/python3.12/site-packages/tabicl/model/tabicl.py", line 402, in _inference_forward
    self.col_embedder(
  File "/home/theo/ds-gradu/.venv/lib/python3.12/site-packages/torch/nn/modules/module.py", line 1779, in _wrapped_call_impl
    return self._call_impl(*args, **kwargs)
           ^^^^^^^^^^^^^^^^^^^^^^^^^^^^^^^^
  File "/home/theo/ds-gradu/.venv/lib/python3.12/site-packages/torch/nn/modules/module.py", line 1790, in _call_impl
    return forward_call(*args, **kwargs)
           ^^^^^^^^^^^^^^^^^^^^^^^^^^^^^
  File "/home/theo/ds-gradu/.venv/lib/python3.12/site-packages/tabicl/model/embedding.py", line 730, in forward
    embeddings = self._inference_forward(X, y_train, embed_with_test, feature_shuffles, mgr_config)
                 ^^^^^^^^^^^^^^^^^^^^^^^^^^^^^^^^^^^^^^^^^^^^^^^^^^^^^^^^^^^^^^^^^^^^^^^^^^^^^^^^^^
  File "/home/theo/ds-gradu/.venv/lib/python3.12/site-packages/tabicl/model/embedding.py", line 570, in _inference_forward
    embeddings = self._inference_with_feature_group(X, y_train, train_size, embed_with_test)
                 ^^^^^^^^^^^^^^^^^^^^^^^^^^^^^^^^^^^^^^^^^^^^^^^^^^^^^^^^^^^^^^^^^^^^^^^^^^^
  File "/home/theo/ds-gradu/.venv/lib/python3.12/site-packages/tabicl/model/embedding.py", line 594, in _inference_with_feature_group
    return self.inference_mgr(
           ^^^^^^^^^^^^^^^^^^^
  File "/home/theo/ds-gradu/.venv/lib/python3.12/site-packages/tabicl/model/inference.py", line 1198, in __call__
    outputs, _ = self._allocate_output_buffer(mode, tuple(output_shape), input_dtype)
                 ^^^^^^^^^^^^^^^^^^^^^^^^^^^^^^^^^^^^^^^^^^^^^^^^^^^^^^^^^^^^^^^^^^^^
  File "/home/theo/ds-gradu/.venv/lib/python3.12/site-packages/tabicl/model/inference.py", line 1001, in _allocate_output_buffer
    raise RuntimeError(
RuntimeError: CPU memory allocation failed (CUDA error: out of memory
Search for `cudaErrorMemoryAllocation' in https://docs.nvidia.com/cuda/cuda-runtime-api/group__CUDART__TYPES.html for more information.
CUDA kernel errors might be asynchronously reported at some other API call, so the stacktrace below might be incorrect.
For debugging consider passing CUDA_LAUNCH_BLOCKING=1
Compile with `TORCH_USE_CUDA_DSA` to enable device-side assertions.
) and disk offload is not available. Please specify disk_offload_dir in the configuration to enable disk offloading, or reduce the output size (estimated: 24327MB).
exit=1, cells still pending -- relaunching in 30s
=== attempt 30 2026-07-25T05:26:09+03:00 ===
Total: 20  pending: 10  done: 10
eu_cc: 284807 rows, 492 frauds, 5-fold stratified CV (cv_seed=42)

### tabiclv2 n_est=12: 10 cells ###
Traceback (most recent call last):
  File "/home/theo/ds-gradu/.venv/lib/python3.12/site-packages/tabicl/model/inference.py", line 995, in _allocate_output_buffer
    out = torch.empty(shape, dtype=dtype, device="cpu", pin_memory=use_pinned)
          ^^^^^^^^^^^^^^^^^^^^^^^^^^^^^^^^^^^^^^^^^^^^^^^^^^^^^^^^^^^^^^^^^^^^
torch.AcceleratorError: CUDA error: out of memory
Search for `cudaErrorMemoryAllocation' in https://docs.nvidia.com/cuda/cuda-runtime-api/group__CUDART__TYPES.html for more information.
CUDA kernel errors might be asynchronously reported at some other API call, so the stacktrace below might be incorrect.
For debugging consider passing CUDA_LAUNCH_BLOCKING=1
Compile with `TORCH_USE_CUDA_DSA` to enable device-side assertions.


The above exception was the direct cause of the following exception:

Traceback (most recent call last):
  File "/home/theo/ds-gradu/scripts/run_eucc_sota_cv.py", line 213, in <module>
    main()
  File "/home/theo/ds-gradu/scripts/run_eucc_sota_cv.py", line 166, in main
    probs = _predict_proba_batched(mdl, X[te_idx], batch_size=PREDICT_CHUNK)
            ^^^^^^^^^^^^^^^^^^^^^^^^^^^^^^^^^^^^^^^^^^^^^^^^^^^^^^^^^^^^^^^^
  File "/home/theo/ds-gradu/src/experiment/runner.py", line 290, in _predict_proba_batched
    parts.append(model.predict_proba(chunk)[:, 1])
                 ^^^^^^^^^^^^^^^^^^^^^^^^^^
  File "/home/theo/ds-gradu/src/models/ftm.py", line 203, in predict_proba
    proba = self._model.predict_proba(X)
            ^^^^^^^^^^^^^^^^^^^^^^^^^^^^
  File "/home/theo/ds-gradu/.venv/lib/python3.12/site-packages/tabicl/sklearn/classifier.py", line 727, in predict_proba
    outputs.append(self._batch_forward(Xs, ys, feature_shuffles))
                   ^^^^^^^^^^^^^^^^^^^^^^^^^^^^^^^^^^^^^^^^^^^^^
  File "/home/theo/ds-gradu/.venv/lib/python3.12/site-packages/tabicl/sklearn/classifier.py", line 597, in _batch_forward
    out = self.model_(
          ^^^^^^^^^^^^
  File "/home/theo/ds-gradu/.venv/lib/python3.12/site-packages/torch/nn/modules/module.py", line 1779, in _wrapped_call_impl
    return self._call_impl(*args, **kwargs)
           ^^^^^^^^^^^^^^^^^^^^^^^^^^^^^^^^
  File "/home/theo/ds-gradu/.venv/lib/python3.12/site-packages/torch/nn/modules/module.py", line 1790, in _call_impl
    return forward_call(*args, **kwargs)
           ^^^^^^^^^^^^^^^^^^^^^^^^^^^^^
  File "/home/theo/ds-gradu/.venv/lib/python3.12/site-packages/tabicl/model/tabicl.py", line 491, in forward
    out = self._inference_forward(
          ^^^^^^^^^^^^^^^^^^^^^^^^
  File "/home/theo/ds-gradu/.venv/lib/python3.12/site-packages/tabicl/model/tabicl.py", line 402, in _inference_forward
    self.col_embedder(
  File "/home/theo/ds-gradu/.venv/lib/python3.12/site-packages/torch/nn/modules/module.py", line 1779, in _wrapped_call_impl
    return self._call_impl(*args, **kwargs)
           ^^^^^^^^^^^^^^^^^^^^^^^^^^^^^^^^
  File "/home/theo/ds-gradu/.venv/lib/python3.12/site-packages/torch/nn/modules/module.py", line 1790, in _call_impl
    return forward_call(*args, **kwargs)
           ^^^^^^^^^^^^^^^^^^^^^^^^^^^^^
  File "/home/theo/ds-gradu/.venv/lib/python3.12/site-packages/tabicl/model/embedding.py", line 730, in forward
    embeddings = self._inference_forward(X, y_train, embed_with_test, feature_shuffles, mgr_config)
                 ^^^^^^^^^^^^^^^^^^^^^^^^^^^^^^^^^^^^^^^^^^^^^^^^^^^^^^^^^^^^^^^^^^^^^^^^^^^^^^^^^^
  File "/home/theo/ds-gradu/.venv/lib/python3.12/site-packages/tabicl/model/embedding.py", line 570, in _inference_forward
    embeddings = self._inference_with_feature_group(X, y_train, train_size, embed_with_test)
                 ^^^^^^^^^^^^^^^^^^^^^^^^^^^^^^^^^^^^^^^^^^^^^^^^^^^^^^^^^^^^^^^^^^^^^^^^^^^
  File "/home/theo/ds-gradu/.venv/lib/python3.12/site-packages/tabicl/model/embedding.py", line 594, in _inference_with_feature_group
    return self.inference_mgr(
           ^^^^^^^^^^^^^^^^^^^
  File "/home/theo/ds-gradu/.venv/lib/python3.12/site-packages/tabicl/model/inference.py", line 1198, in __call__
    outputs, _ = self._allocate_output_buffer(mode, tuple(output_shape), input_dtype)
                 ^^^^^^^^^^^^^^^^^^^^^^^^^^^^^^^^^^^^^^^^^^^^^^^^^^^^^^^^^^^^^^^^^^^^
  File "/home/theo/ds-gradu/.venv/lib/python3.12/site-packages/tabicl/model/inference.py", line 1001, in _allocate_output_buffer
    raise RuntimeError(
RuntimeError: CPU memory allocation failed (CUDA error: out of memory
Search for `cudaErrorMemoryAllocation' in https://docs.nvidia.com/cuda/cuda-runtime-api/group__CUDART__TYPES.html for more information.
CUDA kernel errors might be asynchronously reported at some other API call, so the stacktrace below might be incorrect.
For debugging consider passing CUDA_LAUNCH_BLOCKING=1
Compile with `TORCH_USE_CUDA_DSA` to enable device-side assertions.
) and disk offload is not available. Please specify disk_offload_dir in the configuration to enable disk offloading, or reduce the output size (estimated: 24327MB).
exit=1, cells still pending -- relaunching in 30s
=== attempt 31 2026-07-25T05:26:44+03:00 ===
Total: 20  pending: 10  done: 10
eu_cc: 284807 rows, 492 frauds, 5-fold stratified CV (cv_seed=42)

### tabiclv2 n_est=12: 10 cells ###
Traceback (most recent call last):
  File "/home/theo/ds-gradu/.venv/lib/python3.12/site-packages/tabicl/model/inference.py", line 995, in _allocate_output_buffer
    out = torch.empty(shape, dtype=dtype, device="cpu", pin_memory=use_pinned)
          ^^^^^^^^^^^^^^^^^^^^^^^^^^^^^^^^^^^^^^^^^^^^^^^^^^^^^^^^^^^^^^^^^^^^
torch.AcceleratorError: CUDA error: out of memory
Search for `cudaErrorMemoryAllocation' in https://docs.nvidia.com/cuda/cuda-runtime-api/group__CUDART__TYPES.html for more information.
CUDA kernel errors might be asynchronously reported at some other API call, so the stacktrace below might be incorrect.
For debugging consider passing CUDA_LAUNCH_BLOCKING=1
Compile with `TORCH_USE_CUDA_DSA` to enable device-side assertions.


The above exception was the direct cause of the following exception:

Traceback (most recent call last):
  File "/home/theo/ds-gradu/scripts/run_eucc_sota_cv.py", line 213, in <module>
    main()
  File "/home/theo/ds-gradu/scripts/run_eucc_sota_cv.py", line 166, in main
    probs = _predict_proba_batched(mdl, X[te_idx], batch_size=PREDICT_CHUNK)
            ^^^^^^^^^^^^^^^^^^^^^^^^^^^^^^^^^^^^^^^^^^^^^^^^^^^^^^^^^^^^^^^^
  File "/home/theo/ds-gradu/src/experiment/runner.py", line 290, in _predict_proba_batched
    parts.append(model.predict_proba(chunk)[:, 1])
                 ^^^^^^^^^^^^^^^^^^^^^^^^^^
  File "/home/theo/ds-gradu/src/models/ftm.py", line 203, in predict_proba
    proba = self._model.predict_proba(X)
            ^^^^^^^^^^^^^^^^^^^^^^^^^^^^
  File "/home/theo/ds-gradu/.venv/lib/python3.12/site-packages/tabicl/sklearn/classifier.py", line 727, in predict_proba
    outputs.append(self._batch_forward(Xs, ys, feature_shuffles))
                   ^^^^^^^^^^^^^^^^^^^^^^^^^^^^^^^^^^^^^^^^^^^^^
  File "/home/theo/ds-gradu/.venv/lib/python3.12/site-packages/tabicl/sklearn/classifier.py", line 597, in _batch_forward
    out = self.model_(
          ^^^^^^^^^^^^
  File "/home/theo/ds-gradu/.venv/lib/python3.12/site-packages/torch/nn/modules/module.py", line 1779, in _wrapped_call_impl
    return self._call_impl(*args, **kwargs)
           ^^^^^^^^^^^^^^^^^^^^^^^^^^^^^^^^
  File "/home/theo/ds-gradu/.venv/lib/python3.12/site-packages/torch/nn/modules/module.py", line 1790, in _call_impl
    return forward_call(*args, **kwargs)
           ^^^^^^^^^^^^^^^^^^^^^^^^^^^^^
  File "/home/theo/ds-gradu/.venv/lib/python3.12/site-packages/tabicl/model/tabicl.py", line 491, in forward
    out = self._inference_forward(
          ^^^^^^^^^^^^^^^^^^^^^^^^
  File "/home/theo/ds-gradu/.venv/lib/python3.12/site-packages/tabicl/model/tabicl.py", line 402, in _inference_forward
    self.col_embedder(
  File "/home/theo/ds-gradu/.venv/lib/python3.12/site-packages/torch/nn/modules/module.py", line 1779, in _wrapped_call_impl
    return self._call_impl(*args, **kwargs)
           ^^^^^^^^^^^^^^^^^^^^^^^^^^^^^^^^
  File "/home/theo/ds-gradu/.venv/lib/python3.12/site-packages/torch/nn/modules/module.py", line 1790, in _call_impl
    return forward_call(*args, **kwargs)
           ^^^^^^^^^^^^^^^^^^^^^^^^^^^^^
  File "/home/theo/ds-gradu/.venv/lib/python3.12/site-packages/tabicl/model/embedding.py", line 730, in forward
    embeddings = self._inference_forward(X, y_train, embed_with_test, feature_shuffles, mgr_config)
                 ^^^^^^^^^^^^^^^^^^^^^^^^^^^^^^^^^^^^^^^^^^^^^^^^^^^^^^^^^^^^^^^^^^^^^^^^^^^^^^^^^^
  File "/home/theo/ds-gradu/.venv/lib/python3.12/site-packages/tabicl/model/embedding.py", line 570, in _inference_forward
    embeddings = self._inference_with_feature_group(X, y_train, train_size, embed_with_test)
                 ^^^^^^^^^^^^^^^^^^^^^^^^^^^^^^^^^^^^^^^^^^^^^^^^^^^^^^^^^^^^^^^^^^^^^^^^^^^
  File "/home/theo/ds-gradu/.venv/lib/python3.12/site-packages/tabicl/model/embedding.py", line 594, in _inference_with_feature_group
    return self.inference_mgr(
           ^^^^^^^^^^^^^^^^^^^
  File "/home/theo/ds-gradu/.venv/lib/python3.12/site-packages/tabicl/model/inference.py", line 1198, in __call__
    outputs, _ = self._allocate_output_buffer(mode, tuple(output_shape), input_dtype)
                 ^^^^^^^^^^^^^^^^^^^^^^^^^^^^^^^^^^^^^^^^^^^^^^^^^^^^^^^^^^^^^^^^^^^^
  File "/home/theo/ds-gradu/.venv/lib/python3.12/site-packages/tabicl/model/inference.py", line 1001, in _allocate_output_buffer
    raise RuntimeError(
RuntimeError: CPU memory allocation failed (CUDA error: out of memory
Search for `cudaErrorMemoryAllocation' in https://docs.nvidia.com/cuda/cuda-runtime-api/group__CUDART__TYPES.html for more information.
CUDA kernel errors might be asynchronously reported at some other API call, so the stacktrace below might be incorrect.
For debugging consider passing CUDA_LAUNCH_BLOCKING=1
Compile with `TORCH_USE_CUDA_DSA` to enable device-side assertions.
) and disk offload is not available. Please specify disk_offload_dir in the configuration to enable disk offloading, or reduce the output size (estimated: 24327MB).
exit=1, cells still pending -- relaunching in 30s
=== attempt 32 2026-07-25T05:27:20+03:00 ===
Total: 20  pending: 10  done: 10
eu_cc: 284807 rows, 492 frauds, 5-fold stratified CV (cv_seed=42)

### tabiclv2 n_est=12: 10 cells ###
Traceback (most recent call last):
  File "/home/theo/ds-gradu/.venv/lib/python3.12/site-packages/tabicl/model/inference.py", line 995, in _allocate_output_buffer
    out = torch.empty(shape, dtype=dtype, device="cpu", pin_memory=use_pinned)
          ^^^^^^^^^^^^^^^^^^^^^^^^^^^^^^^^^^^^^^^^^^^^^^^^^^^^^^^^^^^^^^^^^^^^
torch.AcceleratorError: CUDA error: out of memory
Search for `cudaErrorMemoryAllocation' in https://docs.nvidia.com/cuda/cuda-runtime-api/group__CUDART__TYPES.html for more information.
CUDA kernel errors might be asynchronously reported at some other API call, so the stacktrace below might be incorrect.
For debugging consider passing CUDA_LAUNCH_BLOCKING=1
Compile with `TORCH_USE_CUDA_DSA` to enable device-side assertions.


The above exception was the direct cause of the following exception:

Traceback (most recent call last):
  File "/home/theo/ds-gradu/scripts/run_eucc_sota_cv.py", line 213, in <module>
    main()
  File "/home/theo/ds-gradu/scripts/run_eucc_sota_cv.py", line 166, in main
    probs = _predict_proba_batched(mdl, X[te_idx], batch_size=PREDICT_CHUNK)
            ^^^^^^^^^^^^^^^^^^^^^^^^^^^^^^^^^^^^^^^^^^^^^^^^^^^^^^^^^^^^^^^^
  File "/home/theo/ds-gradu/src/experiment/runner.py", line 290, in _predict_proba_batched
    parts.append(model.predict_proba(chunk)[:, 1])
                 ^^^^^^^^^^^^^^^^^^^^^^^^^^
  File "/home/theo/ds-gradu/src/models/ftm.py", line 203, in predict_proba
    proba = self._model.predict_proba(X)
            ^^^^^^^^^^^^^^^^^^^^^^^^^^^^
  File "/home/theo/ds-gradu/.venv/lib/python3.12/site-packages/tabicl/sklearn/classifier.py", line 727, in predict_proba
    outputs.append(self._batch_forward(Xs, ys, feature_shuffles))
                   ^^^^^^^^^^^^^^^^^^^^^^^^^^^^^^^^^^^^^^^^^^^^^
  File "/home/theo/ds-gradu/.venv/lib/python3.12/site-packages/tabicl/sklearn/classifier.py", line 597, in _batch_forward
    out = self.model_(
          ^^^^^^^^^^^^
  File "/home/theo/ds-gradu/.venv/lib/python3.12/site-packages/torch/nn/modules/module.py", line 1779, in _wrapped_call_impl
    return self._call_impl(*args, **kwargs)
           ^^^^^^^^^^^^^^^^^^^^^^^^^^^^^^^^
  File "/home/theo/ds-gradu/.venv/lib/python3.12/site-packages/torch/nn/modules/module.py", line 1790, in _call_impl
    return forward_call(*args, **kwargs)
           ^^^^^^^^^^^^^^^^^^^^^^^^^^^^^
  File "/home/theo/ds-gradu/.venv/lib/python3.12/site-packages/tabicl/model/tabicl.py", line 491, in forward
    out = self._inference_forward(
          ^^^^^^^^^^^^^^^^^^^^^^^^
  File "/home/theo/ds-gradu/.venv/lib/python3.12/site-packages/tabicl/model/tabicl.py", line 402, in _inference_forward
    self.col_embedder(
  File "/home/theo/ds-gradu/.venv/lib/python3.12/site-packages/torch/nn/modules/module.py", line 1779, in _wrapped_call_impl
    return self._call_impl(*args, **kwargs)
           ^^^^^^^^^^^^^^^^^^^^^^^^^^^^^^^^
  File "/home/theo/ds-gradu/.venv/lib/python3.12/site-packages/torch/nn/modules/module.py", line 1790, in _call_impl
    return forward_call(*args, **kwargs)
           ^^^^^^^^^^^^^^^^^^^^^^^^^^^^^
  File "/home/theo/ds-gradu/.venv/lib/python3.12/site-packages/tabicl/model/embedding.py", line 730, in forward
    embeddings = self._inference_forward(X, y_train, embed_with_test, feature_shuffles, mgr_config)
                 ^^^^^^^^^^^^^^^^^^^^^^^^^^^^^^^^^^^^^^^^^^^^^^^^^^^^^^^^^^^^^^^^^^^^^^^^^^^^^^^^^^
  File "/home/theo/ds-gradu/.venv/lib/python3.12/site-packages/tabicl/model/embedding.py", line 570, in _inference_forward
    embeddings = self._inference_with_feature_group(X, y_train, train_size, embed_with_test)
                 ^^^^^^^^^^^^^^^^^^^^^^^^^^^^^^^^^^^^^^^^^^^^^^^^^^^^^^^^^^^^^^^^^^^^^^^^^^^
  File "/home/theo/ds-gradu/.venv/lib/python3.12/site-packages/tabicl/model/embedding.py", line 594, in _inference_with_feature_group
    return self.inference_mgr(
           ^^^^^^^^^^^^^^^^^^^
  File "/home/theo/ds-gradu/.venv/lib/python3.12/site-packages/tabicl/model/inference.py", line 1198, in __call__
    outputs, _ = self._allocate_output_buffer(mode, tuple(output_shape), input_dtype)
                 ^^^^^^^^^^^^^^^^^^^^^^^^^^^^^^^^^^^^^^^^^^^^^^^^^^^^^^^^^^^^^^^^^^^^
  File "/home/theo/ds-gradu/.venv/lib/python3.12/site-packages/tabicl/model/inference.py", line 1001, in _allocate_output_buffer
    raise RuntimeError(
RuntimeError: CPU memory allocation failed (CUDA error: out of memory
Search for `cudaErrorMemoryAllocation' in https://docs.nvidia.com/cuda/cuda-runtime-api/group__CUDART__TYPES.html for more information.
CUDA kernel errors might be asynchronously reported at some other API call, so the stacktrace below might be incorrect.
For debugging consider passing CUDA_LAUNCH_BLOCKING=1
Compile with `TORCH_USE_CUDA_DSA` to enable device-side assertions.
) and disk offload is not available. Please specify disk_offload_dir in the configuration to enable disk offloading, or reduce the output size (estimated: 24327MB).
exit=1, cells still pending -- relaunching in 30s
=== attempt 33 2026-07-25T05:27:56+03:00 ===
Total: 20  pending: 10  done: 10
eu_cc: 284807 rows, 492 frauds, 5-fold stratified CV (cv_seed=42)

### tabiclv2 n_est=12: 10 cells ###
Traceback (most recent call last):
  File "/home/theo/ds-gradu/.venv/lib/python3.12/site-packages/tabicl/model/inference.py", line 995, in _allocate_output_buffer
    out = torch.empty(shape, dtype=dtype, device="cpu", pin_memory=use_pinned)
          ^^^^^^^^^^^^^^^^^^^^^^^^^^^^^^^^^^^^^^^^^^^^^^^^^^^^^^^^^^^^^^^^^^^^
torch.AcceleratorError: CUDA error: out of memory
Search for `cudaErrorMemoryAllocation' in https://docs.nvidia.com/cuda/cuda-runtime-api/group__CUDART__TYPES.html for more information.
CUDA kernel errors might be asynchronously reported at some other API call, so the stacktrace below might be incorrect.
For debugging consider passing CUDA_LAUNCH_BLOCKING=1
Compile with `TORCH_USE_CUDA_DSA` to enable device-side assertions.


The above exception was the direct cause of the following exception:

Traceback (most recent call last):
  File "/home/theo/ds-gradu/scripts/run_eucc_sota_cv.py", line 213, in <module>
    main()
  File "/home/theo/ds-gradu/scripts/run_eucc_sota_cv.py", line 166, in main
    probs = _predict_proba_batched(mdl, X[te_idx], batch_size=PREDICT_CHUNK)
            ^^^^^^^^^^^^^^^^^^^^^^^^^^^^^^^^^^^^^^^^^^^^^^^^^^^^^^^^^^^^^^^^
  File "/home/theo/ds-gradu/src/experiment/runner.py", line 290, in _predict_proba_batched
    parts.append(model.predict_proba(chunk)[:, 1])
                 ^^^^^^^^^^^^^^^^^^^^^^^^^^
  File "/home/theo/ds-gradu/src/models/ftm.py", line 203, in predict_proba
    proba = self._model.predict_proba(X)
            ^^^^^^^^^^^^^^^^^^^^^^^^^^^^
  File "/home/theo/ds-gradu/.venv/lib/python3.12/site-packages/tabicl/sklearn/classifier.py", line 727, in predict_proba
    outputs.append(self._batch_forward(Xs, ys, feature_shuffles))
                   ^^^^^^^^^^^^^^^^^^^^^^^^^^^^^^^^^^^^^^^^^^^^^
  File "/home/theo/ds-gradu/.venv/lib/python3.12/site-packages/tabicl/sklearn/classifier.py", line 597, in _batch_forward
    out = self.model_(
          ^^^^^^^^^^^^
  File "/home/theo/ds-gradu/.venv/lib/python3.12/site-packages/torch/nn/modules/module.py", line 1779, in _wrapped_call_impl
    return self._call_impl(*args, **kwargs)
           ^^^^^^^^^^^^^^^^^^^^^^^^^^^^^^^^
  File "/home/theo/ds-gradu/.venv/lib/python3.12/site-packages/torch/nn/modules/module.py", line 1790, in _call_impl
    return forward_call(*args, **kwargs)
           ^^^^^^^^^^^^^^^^^^^^^^^^^^^^^
  File "/home/theo/ds-gradu/.venv/lib/python3.12/site-packages/tabicl/model/tabicl.py", line 491, in forward
    out = self._inference_forward(
          ^^^^^^^^^^^^^^^^^^^^^^^^
  File "/home/theo/ds-gradu/.venv/lib/python3.12/site-packages/tabicl/model/tabicl.py", line 402, in _inference_forward
    self.col_embedder(
  File "/home/theo/ds-gradu/.venv/lib/python3.12/site-packages/torch/nn/modules/module.py", line 1779, in _wrapped_call_impl
    return self._call_impl(*args, **kwargs)
           ^^^^^^^^^^^^^^^^^^^^^^^^^^^^^^^^
  File "/home/theo/ds-gradu/.venv/lib/python3.12/site-packages/torch/nn/modules/module.py", line 1790, in _call_impl
    return forward_call(*args, **kwargs)
           ^^^^^^^^^^^^^^^^^^^^^^^^^^^^^
  File "/home/theo/ds-gradu/.venv/lib/python3.12/site-packages/tabicl/model/embedding.py", line 730, in forward
    embeddings = self._inference_forward(X, y_train, embed_with_test, feature_shuffles, mgr_config)
                 ^^^^^^^^^^^^^^^^^^^^^^^^^^^^^^^^^^^^^^^^^^^^^^^^^^^^^^^^^^^^^^^^^^^^^^^^^^^^^^^^^^
  File "/home/theo/ds-gradu/.venv/lib/python3.12/site-packages/tabicl/model/embedding.py", line 570, in _inference_forward
    embeddings = self._inference_with_feature_group(X, y_train, train_size, embed_with_test)
                 ^^^^^^^^^^^^^^^^^^^^^^^^^^^^^^^^^^^^^^^^^^^^^^^^^^^^^^^^^^^^^^^^^^^^^^^^^^^
  File "/home/theo/ds-gradu/.venv/lib/python3.12/site-packages/tabicl/model/embedding.py", line 594, in _inference_with_feature_group
    return self.inference_mgr(
           ^^^^^^^^^^^^^^^^^^^
  File "/home/theo/ds-gradu/.venv/lib/python3.12/site-packages/tabicl/model/inference.py", line 1198, in __call__
    outputs, _ = self._allocate_output_buffer(mode, tuple(output_shape), input_dtype)
                 ^^^^^^^^^^^^^^^^^^^^^^^^^^^^^^^^^^^^^^^^^^^^^^^^^^^^^^^^^^^^^^^^^^^^
  File "/home/theo/ds-gradu/.venv/lib/python3.12/site-packages/tabicl/model/inference.py", line 1001, in _allocate_output_buffer
    raise RuntimeError(
RuntimeError: CPU memory allocation failed (CUDA error: out of memory
Search for `cudaErrorMemoryAllocation' in https://docs.nvidia.com/cuda/cuda-runtime-api/group__CUDART__TYPES.html for more information.
CUDA kernel errors might be asynchronously reported at some other API call, so the stacktrace below might be incorrect.
For debugging consider passing CUDA_LAUNCH_BLOCKING=1
Compile with `TORCH_USE_CUDA_DSA` to enable device-side assertions.
) and disk offload is not available. Please specify disk_offload_dir in the configuration to enable disk offloading, or reduce the output size (estimated: 24327MB).
exit=1, cells still pending -- relaunching in 30s
=== attempt 34 2026-07-25T05:28:31+03:00 ===
Total: 20  pending: 10  done: 10
eu_cc: 284807 rows, 492 frauds, 5-fold stratified CV (cv_seed=42)

### tabiclv2 n_est=12: 10 cells ###
Traceback (most recent call last):
  File "/home/theo/ds-gradu/.venv/lib/python3.12/site-packages/tabicl/model/inference.py", line 995, in _allocate_output_buffer
    out = torch.empty(shape, dtype=dtype, device="cpu", pin_memory=use_pinned)
          ^^^^^^^^^^^^^^^^^^^^^^^^^^^^^^^^^^^^^^^^^^^^^^^^^^^^^^^^^^^^^^^^^^^^
torch.AcceleratorError: CUDA error: out of memory
Search for `cudaErrorMemoryAllocation' in https://docs.nvidia.com/cuda/cuda-runtime-api/group__CUDART__TYPES.html for more information.
CUDA kernel errors might be asynchronously reported at some other API call, so the stacktrace below might be incorrect.
For debugging consider passing CUDA_LAUNCH_BLOCKING=1
Compile with `TORCH_USE_CUDA_DSA` to enable device-side assertions.


The above exception was the direct cause of the following exception:

Traceback (most recent call last):
  File "/home/theo/ds-gradu/scripts/run_eucc_sota_cv.py", line 213, in <module>
    main()
  File "/home/theo/ds-gradu/scripts/run_eucc_sota_cv.py", line 166, in main
    probs = _predict_proba_batched(mdl, X[te_idx], batch_size=PREDICT_CHUNK)
            ^^^^^^^^^^^^^^^^^^^^^^^^^^^^^^^^^^^^^^^^^^^^^^^^^^^^^^^^^^^^^^^^
  File "/home/theo/ds-gradu/src/experiment/runner.py", line 290, in _predict_proba_batched
    parts.append(model.predict_proba(chunk)[:, 1])
                 ^^^^^^^^^^^^^^^^^^^^^^^^^^
  File "/home/theo/ds-gradu/src/models/ftm.py", line 203, in predict_proba
    proba = self._model.predict_proba(X)
            ^^^^^^^^^^^^^^^^^^^^^^^^^^^^
  File "/home/theo/ds-gradu/.venv/lib/python3.12/site-packages/tabicl/sklearn/classifier.py", line 727, in predict_proba
    outputs.append(self._batch_forward(Xs, ys, feature_shuffles))
                   ^^^^^^^^^^^^^^^^^^^^^^^^^^^^^^^^^^^^^^^^^^^^^
  File "/home/theo/ds-gradu/.venv/lib/python3.12/site-packages/tabicl/sklearn/classifier.py", line 597, in _batch_forward
    out = self.model_(
          ^^^^^^^^^^^^
  File "/home/theo/ds-gradu/.venv/lib/python3.12/site-packages/torch/nn/modules/module.py", line 1779, in _wrapped_call_impl
    return self._call_impl(*args, **kwargs)
           ^^^^^^^^^^^^^^^^^^^^^^^^^^^^^^^^
  File "/home/theo/ds-gradu/.venv/lib/python3.12/site-packages/torch/nn/modules/module.py", line 1790, in _call_impl
    return forward_call(*args, **kwargs)
           ^^^^^^^^^^^^^^^^^^^^^^^^^^^^^
  File "/home/theo/ds-gradu/.venv/lib/python3.12/site-packages/tabicl/model/tabicl.py", line 491, in forward
    out = self._inference_forward(
          ^^^^^^^^^^^^^^^^^^^^^^^^
  File "/home/theo/ds-gradu/.venv/lib/python3.12/site-packages/tabicl/model/tabicl.py", line 402, in _inference_forward
    self.col_embedder(
  File "/home/theo/ds-gradu/.venv/lib/python3.12/site-packages/torch/nn/modules/module.py", line 1779, in _wrapped_call_impl
    return self._call_impl(*args, **kwargs)
           ^^^^^^^^^^^^^^^^^^^^^^^^^^^^^^^^
  File "/home/theo/ds-gradu/.venv/lib/python3.12/site-packages/torch/nn/modules/module.py", line 1790, in _call_impl
    return forward_call(*args, **kwargs)
           ^^^^^^^^^^^^^^^^^^^^^^^^^^^^^
  File "/home/theo/ds-gradu/.venv/lib/python3.12/site-packages/tabicl/model/embedding.py", line 730, in forward
    embeddings = self._inference_forward(X, y_train, embed_with_test, feature_shuffles, mgr_config)
                 ^^^^^^^^^^^^^^^^^^^^^^^^^^^^^^^^^^^^^^^^^^^^^^^^^^^^^^^^^^^^^^^^^^^^^^^^^^^^^^^^^^
  File "/home/theo/ds-gradu/.venv/lib/python3.12/site-packages/tabicl/model/embedding.py", line 570, in _inference_forward
    embeddings = self._inference_with_feature_group(X, y_train, train_size, embed_with_test)
                 ^^^^^^^^^^^^^^^^^^^^^^^^^^^^^^^^^^^^^^^^^^^^^^^^^^^^^^^^^^^^^^^^^^^^^^^^^^^
  File "/home/theo/ds-gradu/.venv/lib/python3.12/site-packages/tabicl/model/embedding.py", line 594, in _inference_with_feature_group
    return self.inference_mgr(
           ^^^^^^^^^^^^^^^^^^^
  File "/home/theo/ds-gradu/.venv/lib/python3.12/site-packages/tabicl/model/inference.py", line 1198, in __call__
    outputs, _ = self._allocate_output_buffer(mode, tuple(output_shape), input_dtype)
                 ^^^^^^^^^^^^^^^^^^^^^^^^^^^^^^^^^^^^^^^^^^^^^^^^^^^^^^^^^^^^^^^^^^^^
  File "/home/theo/ds-gradu/.venv/lib/python3.12/site-packages/tabicl/model/inference.py", line 1001, in _allocate_output_buffer
    raise RuntimeError(
RuntimeError: CPU memory allocation failed (CUDA error: out of memory
Search for `cudaErrorMemoryAllocation' in https://docs.nvidia.com/cuda/cuda-runtime-api/group__CUDART__TYPES.html for more information.
CUDA kernel errors might be asynchronously reported at some other API call, so the stacktrace below might be incorrect.
For debugging consider passing CUDA_LAUNCH_BLOCKING=1
Compile with `TORCH_USE_CUDA_DSA` to enable device-side assertions.
) and disk offload is not available. Please specify disk_offload_dir in the configuration to enable disk offloading, or reduce the output size (estimated: 24327MB).
exit=1, cells still pending -- relaunching in 30s
=== attempt 35 2026-07-25T05:29:07+03:00 ===
Total: 20  pending: 10  done: 10
eu_cc: 284807 rows, 492 frauds, 5-fold stratified CV (cv_seed=42)

### tabiclv2 n_est=12: 10 cells ###
Traceback (most recent call last):
  File "/home/theo/ds-gradu/.venv/lib/python3.12/site-packages/tabicl/model/inference.py", line 995, in _allocate_output_buffer
    out = torch.empty(shape, dtype=dtype, device="cpu", pin_memory=use_pinned)
          ^^^^^^^^^^^^^^^^^^^^^^^^^^^^^^^^^^^^^^^^^^^^^^^^^^^^^^^^^^^^^^^^^^^^
torch.AcceleratorError: CUDA error: out of memory
Search for `cudaErrorMemoryAllocation' in https://docs.nvidia.com/cuda/cuda-runtime-api/group__CUDART__TYPES.html for more information.
CUDA kernel errors might be asynchronously reported at some other API call, so the stacktrace below might be incorrect.
For debugging consider passing CUDA_LAUNCH_BLOCKING=1
Compile with `TORCH_USE_CUDA_DSA` to enable device-side assertions.


The above exception was the direct cause of the following exception:

Traceback (most recent call last):
  File "/home/theo/ds-gradu/scripts/run_eucc_sota_cv.py", line 213, in <module>
    main()
  File "/home/theo/ds-gradu/scripts/run_eucc_sota_cv.py", line 166, in main
    probs = _predict_proba_batched(mdl, X[te_idx], batch_size=PREDICT_CHUNK)
            ^^^^^^^^^^^^^^^^^^^^^^^^^^^^^^^^^^^^^^^^^^^^^^^^^^^^^^^^^^^^^^^^
  File "/home/theo/ds-gradu/src/experiment/runner.py", line 290, in _predict_proba_batched
    parts.append(model.predict_proba(chunk)[:, 1])
                 ^^^^^^^^^^^^^^^^^^^^^^^^^^
  File "/home/theo/ds-gradu/src/models/ftm.py", line 203, in predict_proba
    proba = self._model.predict_proba(X)
            ^^^^^^^^^^^^^^^^^^^^^^^^^^^^
  File "/home/theo/ds-gradu/.venv/lib/python3.12/site-packages/tabicl/sklearn/classifier.py", line 727, in predict_proba
    outputs.append(self._batch_forward(Xs, ys, feature_shuffles))
                   ^^^^^^^^^^^^^^^^^^^^^^^^^^^^^^^^^^^^^^^^^^^^^
  File "/home/theo/ds-gradu/.venv/lib/python3.12/site-packages/tabicl/sklearn/classifier.py", line 597, in _batch_forward
    out = self.model_(
          ^^^^^^^^^^^^
  File "/home/theo/ds-gradu/.venv/lib/python3.12/site-packages/torch/nn/modules/module.py", line 1779, in _wrapped_call_impl
    return self._call_impl(*args, **kwargs)
           ^^^^^^^^^^^^^^^^^^^^^^^^^^^^^^^^
  File "/home/theo/ds-gradu/.venv/lib/python3.12/site-packages/torch/nn/modules/module.py", line 1790, in _call_impl
    return forward_call(*args, **kwargs)
           ^^^^^^^^^^^^^^^^^^^^^^^^^^^^^
  File "/home/theo/ds-gradu/.venv/lib/python3.12/site-packages/tabicl/model/tabicl.py", line 491, in forward
    out = self._inference_forward(
          ^^^^^^^^^^^^^^^^^^^^^^^^
  File "/home/theo/ds-gradu/.venv/lib/python3.12/site-packages/tabicl/model/tabicl.py", line 402, in _inference_forward
    self.col_embedder(
  File "/home/theo/ds-gradu/.venv/lib/python3.12/site-packages/torch/nn/modules/module.py", line 1779, in _wrapped_call_impl
    return self._call_impl(*args, **kwargs)
           ^^^^^^^^^^^^^^^^^^^^^^^^^^^^^^^^
  File "/home/theo/ds-gradu/.venv/lib/python3.12/site-packages/torch/nn/modules/module.py", line 1790, in _call_impl
    return forward_call(*args, **kwargs)
           ^^^^^^^^^^^^^^^^^^^^^^^^^^^^^
  File "/home/theo/ds-gradu/.venv/lib/python3.12/site-packages/tabicl/model/embedding.py", line 730, in forward
    embeddings = self._inference_forward(X, y_train, embed_with_test, feature_shuffles, mgr_config)
                 ^^^^^^^^^^^^^^^^^^^^^^^^^^^^^^^^^^^^^^^^^^^^^^^^^^^^^^^^^^^^^^^^^^^^^^^^^^^^^^^^^^
  File "/home/theo/ds-gradu/.venv/lib/python3.12/site-packages/tabicl/model/embedding.py", line 570, in _inference_forward
    embeddings = self._inference_with_feature_group(X, y_train, train_size, embed_with_test)
                 ^^^^^^^^^^^^^^^^^^^^^^^^^^^^^^^^^^^^^^^^^^^^^^^^^^^^^^^^^^^^^^^^^^^^^^^^^^^
  File "/home/theo/ds-gradu/.venv/lib/python3.12/site-packages/tabicl/model/embedding.py", line 594, in _inference_with_feature_group
    return self.inference_mgr(
           ^^^^^^^^^^^^^^^^^^^
  File "/home/theo/ds-gradu/.venv/lib/python3.12/site-packages/tabicl/model/inference.py", line 1198, in __call__
    outputs, _ = self._allocate_output_buffer(mode, tuple(output_shape), input_dtype)
                 ^^^^^^^^^^^^^^^^^^^^^^^^^^^^^^^^^^^^^^^^^^^^^^^^^^^^^^^^^^^^^^^^^^^^
  File "/home/theo/ds-gradu/.venv/lib/python3.12/site-packages/tabicl/model/inference.py", line 1001, in _allocate_output_buffer
    raise RuntimeError(
RuntimeError: CPU memory allocation failed (CUDA error: out of memory
Search for `cudaErrorMemoryAllocation' in https://docs.nvidia.com/cuda/cuda-runtime-api/group__CUDART__TYPES.html for more information.
CUDA kernel errors might be asynchronously reported at some other API call, so the stacktrace below might be incorrect.
For debugging consider passing CUDA_LAUNCH_BLOCKING=1
Compile with `TORCH_USE_CUDA_DSA` to enable device-side assertions.
) and disk offload is not available. Please specify disk_offload_dir in the configuration to enable disk offloading, or reduce the output size (estimated: 24327MB).
exit=1, cells still pending -- relaunching in 30s
=== attempt 36 2026-07-25T05:29:42+03:00 ===
Total: 20  pending: 10  done: 10
eu_cc: 284807 rows, 492 frauds, 5-fold stratified CV (cv_seed=42)

### tabiclv2 n_est=12: 10 cells ###
Traceback (most recent call last):
  File "/home/theo/ds-gradu/.venv/lib/python3.12/site-packages/tabicl/model/inference.py", line 995, in _allocate_output_buffer
    out = torch.empty(shape, dtype=dtype, device="cpu", pin_memory=use_pinned)
          ^^^^^^^^^^^^^^^^^^^^^^^^^^^^^^^^^^^^^^^^^^^^^^^^^^^^^^^^^^^^^^^^^^^^
torch.AcceleratorError: CUDA error: out of memory
Search for `cudaErrorMemoryAllocation' in https://docs.nvidia.com/cuda/cuda-runtime-api/group__CUDART__TYPES.html for more information.
CUDA kernel errors might be asynchronously reported at some other API call, so the stacktrace below might be incorrect.
For debugging consider passing CUDA_LAUNCH_BLOCKING=1
Compile with `TORCH_USE_CUDA_DSA` to enable device-side assertions.


The above exception was the direct cause of the following exception:

Traceback (most recent call last):
  File "/home/theo/ds-gradu/scripts/run_eucc_sota_cv.py", line 213, in <module>
    main()
  File "/home/theo/ds-gradu/scripts/run_eucc_sota_cv.py", line 166, in main
    probs = _predict_proba_batched(mdl, X[te_idx], batch_size=PREDICT_CHUNK)
            ^^^^^^^^^^^^^^^^^^^^^^^^^^^^^^^^^^^^^^^^^^^^^^^^^^^^^^^^^^^^^^^^
  File "/home/theo/ds-gradu/src/experiment/runner.py", line 290, in _predict_proba_batched
    parts.append(model.predict_proba(chunk)[:, 1])
                 ^^^^^^^^^^^^^^^^^^^^^^^^^^
  File "/home/theo/ds-gradu/src/models/ftm.py", line 203, in predict_proba
    proba = self._model.predict_proba(X)
            ^^^^^^^^^^^^^^^^^^^^^^^^^^^^
  File "/home/theo/ds-gradu/.venv/lib/python3.12/site-packages/tabicl/sklearn/classifier.py", line 727, in predict_proba
    outputs.append(self._batch_forward(Xs, ys, feature_shuffles))
                   ^^^^^^^^^^^^^^^^^^^^^^^^^^^^^^^^^^^^^^^^^^^^^
  File "/home/theo/ds-gradu/.venv/lib/python3.12/site-packages/tabicl/sklearn/classifier.py", line 597, in _batch_forward
    out = self.model_(
          ^^^^^^^^^^^^
  File "/home/theo/ds-gradu/.venv/lib/python3.12/site-packages/torch/nn/modules/module.py", line 1779, in _wrapped_call_impl
    return self._call_impl(*args, **kwargs)
           ^^^^^^^^^^^^^^^^^^^^^^^^^^^^^^^^
  File "/home/theo/ds-gradu/.venv/lib/python3.12/site-packages/torch/nn/modules/module.py", line 1790, in _call_impl
    return forward_call(*args, **kwargs)
           ^^^^^^^^^^^^^^^^^^^^^^^^^^^^^
  File "/home/theo/ds-gradu/.venv/lib/python3.12/site-packages/tabicl/model/tabicl.py", line 491, in forward
    out = self._inference_forward(
          ^^^^^^^^^^^^^^^^^^^^^^^^
  File "/home/theo/ds-gradu/.venv/lib/python3.12/site-packages/tabicl/model/tabicl.py", line 402, in _inference_forward
    self.col_embedder(
  File "/home/theo/ds-gradu/.venv/lib/python3.12/site-packages/torch/nn/modules/module.py", line 1779, in _wrapped_call_impl
    return self._call_impl(*args, **kwargs)
           ^^^^^^^^^^^^^^^^^^^^^^^^^^^^^^^^
  File "/home/theo/ds-gradu/.venv/lib/python3.12/site-packages/torch/nn/modules/module.py", line 1790, in _call_impl
    return forward_call(*args, **kwargs)
           ^^^^^^^^^^^^^^^^^^^^^^^^^^^^^
  File "/home/theo/ds-gradu/.venv/lib/python3.12/site-packages/tabicl/model/embedding.py", line 730, in forward
    embeddings = self._inference_forward(X, y_train, embed_with_test, feature_shuffles, mgr_config)
                 ^^^^^^^^^^^^^^^^^^^^^^^^^^^^^^^^^^^^^^^^^^^^^^^^^^^^^^^^^^^^^^^^^^^^^^^^^^^^^^^^^^
  File "/home/theo/ds-gradu/.venv/lib/python3.12/site-packages/tabicl/model/embedding.py", line 570, in _inference_forward
    embeddings = self._inference_with_feature_group(X, y_train, train_size, embed_with_test)
                 ^^^^^^^^^^^^^^^^^^^^^^^^^^^^^^^^^^^^^^^^^^^^^^^^^^^^^^^^^^^^^^^^^^^^^^^^^^^
  File "/home/theo/ds-gradu/.venv/lib/python3.12/site-packages/tabicl/model/embedding.py", line 594, in _inference_with_feature_group
    return self.inference_mgr(
           ^^^^^^^^^^^^^^^^^^^
  File "/home/theo/ds-gradu/.venv/lib/python3.12/site-packages/tabicl/model/inference.py", line 1198, in __call__
    outputs, _ = self._allocate_output_buffer(mode, tuple(output_shape), input_dtype)
                 ^^^^^^^^^^^^^^^^^^^^^^^^^^^^^^^^^^^^^^^^^^^^^^^^^^^^^^^^^^^^^^^^^^^^
  File "/home/theo/ds-gradu/.venv/lib/python3.12/site-packages/tabicl/model/inference.py", line 1001, in _allocate_output_buffer
    raise RuntimeError(
RuntimeError: CPU memory allocation failed (CUDA error: out of memory
Search for `cudaErrorMemoryAllocation' in https://docs.nvidia.com/cuda/cuda-runtime-api/group__CUDART__TYPES.html for more information.
CUDA kernel errors might be asynchronously reported at some other API call, so the stacktrace below might be incorrect.
For debugging consider passing CUDA_LAUNCH_BLOCKING=1
Compile with `TORCH_USE_CUDA_DSA` to enable device-side assertions.
) and disk offload is not available. Please specify disk_offload_dir in the configuration to enable disk offloading, or reduce the output size (estimated: 24327MB).
exit=1, cells still pending -- relaunching in 30s
=== attempt 37 2026-07-25T05:30:18+03:00 ===
Total: 20  pending: 10  done: 10
eu_cc: 284807 rows, 492 frauds, 5-fold stratified CV (cv_seed=42)

### tabiclv2 n_est=12: 10 cells ###
Traceback (most recent call last):
  File "/home/theo/ds-gradu/.venv/lib/python3.12/site-packages/tabicl/model/inference.py", line 995, in _allocate_output_buffer
    out = torch.empty(shape, dtype=dtype, device="cpu", pin_memory=use_pinned)
          ^^^^^^^^^^^^^^^^^^^^^^^^^^^^^^^^^^^^^^^^^^^^^^^^^^^^^^^^^^^^^^^^^^^^
torch.AcceleratorError: CUDA error: out of memory
Search for `cudaErrorMemoryAllocation' in https://docs.nvidia.com/cuda/cuda-runtime-api/group__CUDART__TYPES.html for more information.
CUDA kernel errors might be asynchronously reported at some other API call, so the stacktrace below might be incorrect.
For debugging consider passing CUDA_LAUNCH_BLOCKING=1
Compile with `TORCH_USE_CUDA_DSA` to enable device-side assertions.


The above exception was the direct cause of the following exception:

Traceback (most recent call last):
  File "/home/theo/ds-gradu/scripts/run_eucc_sota_cv.py", line 213, in <module>
    main()
  File "/home/theo/ds-gradu/scripts/run_eucc_sota_cv.py", line 166, in main
    probs = _predict_proba_batched(mdl, X[te_idx], batch_size=PREDICT_CHUNK)
            ^^^^^^^^^^^^^^^^^^^^^^^^^^^^^^^^^^^^^^^^^^^^^^^^^^^^^^^^^^^^^^^^
  File "/home/theo/ds-gradu/src/experiment/runner.py", line 290, in _predict_proba_batched
    parts.append(model.predict_proba(chunk)[:, 1])
                 ^^^^^^^^^^^^^^^^^^^^^^^^^^
  File "/home/theo/ds-gradu/src/models/ftm.py", line 203, in predict_proba
    proba = self._model.predict_proba(X)
            ^^^^^^^^^^^^^^^^^^^^^^^^^^^^
  File "/home/theo/ds-gradu/.venv/lib/python3.12/site-packages/tabicl/sklearn/classifier.py", line 727, in predict_proba
    outputs.append(self._batch_forward(Xs, ys, feature_shuffles))
                   ^^^^^^^^^^^^^^^^^^^^^^^^^^^^^^^^^^^^^^^^^^^^^
  File "/home/theo/ds-gradu/.venv/lib/python3.12/site-packages/tabicl/sklearn/classifier.py", line 597, in _batch_forward
    out = self.model_(
          ^^^^^^^^^^^^
  File "/home/theo/ds-gradu/.venv/lib/python3.12/site-packages/torch/nn/modules/module.py", line 1779, in _wrapped_call_impl
    return self._call_impl(*args, **kwargs)
           ^^^^^^^^^^^^^^^^^^^^^^^^^^^^^^^^
  File "/home/theo/ds-gradu/.venv/lib/python3.12/site-packages/torch/nn/modules/module.py", line 1790, in _call_impl
    return forward_call(*args, **kwargs)
           ^^^^^^^^^^^^^^^^^^^^^^^^^^^^^
  File "/home/theo/ds-gradu/.venv/lib/python3.12/site-packages/tabicl/model/tabicl.py", line 491, in forward
    out = self._inference_forward(
          ^^^^^^^^^^^^^^^^^^^^^^^^
  File "/home/theo/ds-gradu/.venv/lib/python3.12/site-packages/tabicl/model/tabicl.py", line 402, in _inference_forward
    self.col_embedder(
  File "/home/theo/ds-gradu/.venv/lib/python3.12/site-packages/torch/nn/modules/module.py", line 1779, in _wrapped_call_impl
    return self._call_impl(*args, **kwargs)
           ^^^^^^^^^^^^^^^^^^^^^^^^^^^^^^^^
  File "/home/theo/ds-gradu/.venv/lib/python3.12/site-packages/torch/nn/modules/module.py", line 1790, in _call_impl
    return forward_call(*args, **kwargs)
           ^^^^^^^^^^^^^^^^^^^^^^^^^^^^^
  File "/home/theo/ds-gradu/.venv/lib/python3.12/site-packages/tabicl/model/embedding.py", line 730, in forward
    embeddings = self._inference_forward(X, y_train, embed_with_test, feature_shuffles, mgr_config)
                 ^^^^^^^^^^^^^^^^^^^^^^^^^^^^^^^^^^^^^^^^^^^^^^^^^^^^^^^^^^^^^^^^^^^^^^^^^^^^^^^^^^
  File "/home/theo/ds-gradu/.venv/lib/python3.12/site-packages/tabicl/model/embedding.py", line 570, in _inference_forward
    embeddings = self._inference_with_feature_group(X, y_train, train_size, embed_with_test)
                 ^^^^^^^^^^^^^^^^^^^^^^^^^^^^^^^^^^^^^^^^^^^^^^^^^^^^^^^^^^^^^^^^^^^^^^^^^^^
  File "/home/theo/ds-gradu/.venv/lib/python3.12/site-packages/tabicl/model/embedding.py", line 594, in _inference_with_feature_group
    return self.inference_mgr(
           ^^^^^^^^^^^^^^^^^^^
  File "/home/theo/ds-gradu/.venv/lib/python3.12/site-packages/tabicl/model/inference.py", line 1198, in __call__
    outputs, _ = self._allocate_output_buffer(mode, tuple(output_shape), input_dtype)
                 ^^^^^^^^^^^^^^^^^^^^^^^^^^^^^^^^^^^^^^^^^^^^^^^^^^^^^^^^^^^^^^^^^^^^
  File "/home/theo/ds-gradu/.venv/lib/python3.12/site-packages/tabicl/model/inference.py", line 1001, in _allocate_output_buffer
    raise RuntimeError(
RuntimeError: CPU memory allocation failed (CUDA error: out of memory
Search for `cudaErrorMemoryAllocation' in https://docs.nvidia.com/cuda/cuda-runtime-api/group__CUDART__TYPES.html for more information.
CUDA kernel errors might be asynchronously reported at some other API call, so the stacktrace below might be incorrect.
For debugging consider passing CUDA_LAUNCH_BLOCKING=1
Compile with `TORCH_USE_CUDA_DSA` to enable device-side assertions.
) and disk offload is not available. Please specify disk_offload_dir in the configuration to enable disk offloading, or reduce the output size (estimated: 24327MB).
exit=1, cells still pending -- relaunching in 30s
=== attempt 38 2026-07-25T05:30:54+03:00 ===
Total: 20  pending: 10  done: 10
eu_cc: 284807 rows, 492 frauds, 5-fold stratified CV (cv_seed=42)

### tabiclv2 n_est=12: 10 cells ###
Traceback (most recent call last):
  File "/home/theo/ds-gradu/.venv/lib/python3.12/site-packages/tabicl/model/inference.py", line 995, in _allocate_output_buffer
    out = torch.empty(shape, dtype=dtype, device="cpu", pin_memory=use_pinned)
          ^^^^^^^^^^^^^^^^^^^^^^^^^^^^^^^^^^^^^^^^^^^^^^^^^^^^^^^^^^^^^^^^^^^^
torch.AcceleratorError: CUDA error: out of memory
Search for `cudaErrorMemoryAllocation' in https://docs.nvidia.com/cuda/cuda-runtime-api/group__CUDART__TYPES.html for more information.
CUDA kernel errors might be asynchronously reported at some other API call, so the stacktrace below might be incorrect.
For debugging consider passing CUDA_LAUNCH_BLOCKING=1
Compile with `TORCH_USE_CUDA_DSA` to enable device-side assertions.


The above exception was the direct cause of the following exception:

Traceback (most recent call last):
  File "/home/theo/ds-gradu/scripts/run_eucc_sota_cv.py", line 213, in <module>
    main()
  File "/home/theo/ds-gradu/scripts/run_eucc_sota_cv.py", line 166, in main
    probs = _predict_proba_batched(mdl, X[te_idx], batch_size=PREDICT_CHUNK)
            ^^^^^^^^^^^^^^^^^^^^^^^^^^^^^^^^^^^^^^^^^^^^^^^^^^^^^^^^^^^^^^^^
  File "/home/theo/ds-gradu/src/experiment/runner.py", line 290, in _predict_proba_batched
    parts.append(model.predict_proba(chunk)[:, 1])
                 ^^^^^^^^^^^^^^^^^^^^^^^^^^
  File "/home/theo/ds-gradu/src/models/ftm.py", line 203, in predict_proba
    proba = self._model.predict_proba(X)
            ^^^^^^^^^^^^^^^^^^^^^^^^^^^^
  File "/home/theo/ds-gradu/.venv/lib/python3.12/site-packages/tabicl/sklearn/classifier.py", line 727, in predict_proba
    outputs.append(self._batch_forward(Xs, ys, feature_shuffles))
                   ^^^^^^^^^^^^^^^^^^^^^^^^^^^^^^^^^^^^^^^^^^^^^
  File "/home/theo/ds-gradu/.venv/lib/python3.12/site-packages/tabicl/sklearn/classifier.py", line 597, in _batch_forward
    out = self.model_(
          ^^^^^^^^^^^^
  File "/home/theo/ds-gradu/.venv/lib/python3.12/site-packages/torch/nn/modules/module.py", line 1779, in _wrapped_call_impl
    return self._call_impl(*args, **kwargs)
           ^^^^^^^^^^^^^^^^^^^^^^^^^^^^^^^^
  File "/home/theo/ds-gradu/.venv/lib/python3.12/site-packages/torch/nn/modules/module.py", line 1790, in _call_impl
    return forward_call(*args, **kwargs)
           ^^^^^^^^^^^^^^^^^^^^^^^^^^^^^
  File "/home/theo/ds-gradu/.venv/lib/python3.12/site-packages/tabicl/model/tabicl.py", line 491, in forward
    out = self._inference_forward(
          ^^^^^^^^^^^^^^^^^^^^^^^^
  File "/home/theo/ds-gradu/.venv/lib/python3.12/site-packages/tabicl/model/tabicl.py", line 402, in _inference_forward
    self.col_embedder(
  File "/home/theo/ds-gradu/.venv/lib/python3.12/site-packages/torch/nn/modules/module.py", line 1779, in _wrapped_call_impl
    return self._call_impl(*args, **kwargs)
           ^^^^^^^^^^^^^^^^^^^^^^^^^^^^^^^^
  File "/home/theo/ds-gradu/.venv/lib/python3.12/site-packages/torch/nn/modules/module.py", line 1790, in _call_impl
    return forward_call(*args, **kwargs)
           ^^^^^^^^^^^^^^^^^^^^^^^^^^^^^
  File "/home/theo/ds-gradu/.venv/lib/python3.12/site-packages/tabicl/model/embedding.py", line 730, in forward
    embeddings = self._inference_forward(X, y_train, embed_with_test, feature_shuffles, mgr_config)
                 ^^^^^^^^^^^^^^^^^^^^^^^^^^^^^^^^^^^^^^^^^^^^^^^^^^^^^^^^^^^^^^^^^^^^^^^^^^^^^^^^^^
  File "/home/theo/ds-gradu/.venv/lib/python3.12/site-packages/tabicl/model/embedding.py", line 570, in _inference_forward
    embeddings = self._inference_with_feature_group(X, y_train, train_size, embed_with_test)
                 ^^^^^^^^^^^^^^^^^^^^^^^^^^^^^^^^^^^^^^^^^^^^^^^^^^^^^^^^^^^^^^^^^^^^^^^^^^^
  File "/home/theo/ds-gradu/.venv/lib/python3.12/site-packages/tabicl/model/embedding.py", line 594, in _inference_with_feature_group
    return self.inference_mgr(
           ^^^^^^^^^^^^^^^^^^^
  File "/home/theo/ds-gradu/.venv/lib/python3.12/site-packages/tabicl/model/inference.py", line 1198, in __call__
    outputs, _ = self._allocate_output_buffer(mode, tuple(output_shape), input_dtype)
                 ^^^^^^^^^^^^^^^^^^^^^^^^^^^^^^^^^^^^^^^^^^^^^^^^^^^^^^^^^^^^^^^^^^^^
  File "/home/theo/ds-gradu/.venv/lib/python3.12/site-packages/tabicl/model/inference.py", line 1001, in _allocate_output_buffer
    raise RuntimeError(
RuntimeError: CPU memory allocation failed (CUDA error: out of memory
Search for `cudaErrorMemoryAllocation' in https://docs.nvidia.com/cuda/cuda-runtime-api/group__CUDART__TYPES.html for more information.
CUDA kernel errors might be asynchronously reported at some other API call, so the stacktrace below might be incorrect.
For debugging consider passing CUDA_LAUNCH_BLOCKING=1
Compile with `TORCH_USE_CUDA_DSA` to enable device-side assertions.
) and disk offload is not available. Please specify disk_offload_dir in the configuration to enable disk offloading, or reduce the output size (estimated: 24327MB).
exit=1, cells still pending -- relaunching in 30s
=== attempt 39 2026-07-25T05:31:29+03:00 ===
Total: 20  pending: 10  done: 10
eu_cc: 284807 rows, 492 frauds, 5-fold stratified CV (cv_seed=42)

### tabiclv2 n_est=12: 10 cells ###
Traceback (most recent call last):
  File "/home/theo/ds-gradu/.venv/lib/python3.12/site-packages/tabicl/model/inference.py", line 995, in _allocate_output_buffer
    out = torch.empty(shape, dtype=dtype, device="cpu", pin_memory=use_pinned)
          ^^^^^^^^^^^^^^^^^^^^^^^^^^^^^^^^^^^^^^^^^^^^^^^^^^^^^^^^^^^^^^^^^^^^
torch.AcceleratorError: CUDA error: out of memory
Search for `cudaErrorMemoryAllocation' in https://docs.nvidia.com/cuda/cuda-runtime-api/group__CUDART__TYPES.html for more information.
CUDA kernel errors might be asynchronously reported at some other API call, so the stacktrace below might be incorrect.
For debugging consider passing CUDA_LAUNCH_BLOCKING=1
Compile with `TORCH_USE_CUDA_DSA` to enable device-side assertions.


The above exception was the direct cause of the following exception:

Traceback (most recent call last):
  File "/home/theo/ds-gradu/scripts/run_eucc_sota_cv.py", line 213, in <module>
    main()
  File "/home/theo/ds-gradu/scripts/run_eucc_sota_cv.py", line 166, in main
    probs = _predict_proba_batched(mdl, X[te_idx], batch_size=PREDICT_CHUNK)
            ^^^^^^^^^^^^^^^^^^^^^^^^^^^^^^^^^^^^^^^^^^^^^^^^^^^^^^^^^^^^^^^^
  File "/home/theo/ds-gradu/src/experiment/runner.py", line 290, in _predict_proba_batched
    parts.append(model.predict_proba(chunk)[:, 1])
                 ^^^^^^^^^^^^^^^^^^^^^^^^^^
  File "/home/theo/ds-gradu/src/models/ftm.py", line 203, in predict_proba
    proba = self._model.predict_proba(X)
            ^^^^^^^^^^^^^^^^^^^^^^^^^^^^
  File "/home/theo/ds-gradu/.venv/lib/python3.12/site-packages/tabicl/sklearn/classifier.py", line 727, in predict_proba
    outputs.append(self._batch_forward(Xs, ys, feature_shuffles))
                   ^^^^^^^^^^^^^^^^^^^^^^^^^^^^^^^^^^^^^^^^^^^^^
  File "/home/theo/ds-gradu/.venv/lib/python3.12/site-packages/tabicl/sklearn/classifier.py", line 597, in _batch_forward
    out = self.model_(
          ^^^^^^^^^^^^
  File "/home/theo/ds-gradu/.venv/lib/python3.12/site-packages/torch/nn/modules/module.py", line 1779, in _wrapped_call_impl
    return self._call_impl(*args, **kwargs)
           ^^^^^^^^^^^^^^^^^^^^^^^^^^^^^^^^
  File "/home/theo/ds-gradu/.venv/lib/python3.12/site-packages/torch/nn/modules/module.py", line 1790, in _call_impl
    return forward_call(*args, **kwargs)
           ^^^^^^^^^^^^^^^^^^^^^^^^^^^^^
  File "/home/theo/ds-gradu/.venv/lib/python3.12/site-packages/tabicl/model/tabicl.py", line 491, in forward
    out = self._inference_forward(
          ^^^^^^^^^^^^^^^^^^^^^^^^
  File "/home/theo/ds-gradu/.venv/lib/python3.12/site-packages/tabicl/model/tabicl.py", line 402, in _inference_forward
    self.col_embedder(
  File "/home/theo/ds-gradu/.venv/lib/python3.12/site-packages/torch/nn/modules/module.py", line 1779, in _wrapped_call_impl
    return self._call_impl(*args, **kwargs)
           ^^^^^^^^^^^^^^^^^^^^^^^^^^^^^^^^
  File "/home/theo/ds-gradu/.venv/lib/python3.12/site-packages/torch/nn/modules/module.py", line 1790, in _call_impl
    return forward_call(*args, **kwargs)
           ^^^^^^^^^^^^^^^^^^^^^^^^^^^^^
  File "/home/theo/ds-gradu/.venv/lib/python3.12/site-packages/tabicl/model/embedding.py", line 730, in forward
    embeddings = self._inference_forward(X, y_train, embed_with_test, feature_shuffles, mgr_config)
                 ^^^^^^^^^^^^^^^^^^^^^^^^^^^^^^^^^^^^^^^^^^^^^^^^^^^^^^^^^^^^^^^^^^^^^^^^^^^^^^^^^^
  File "/home/theo/ds-gradu/.venv/lib/python3.12/site-packages/tabicl/model/embedding.py", line 570, in _inference_forward
    embeddings = self._inference_with_feature_group(X, y_train, train_size, embed_with_test)
                 ^^^^^^^^^^^^^^^^^^^^^^^^^^^^^^^^^^^^^^^^^^^^^^^^^^^^^^^^^^^^^^^^^^^^^^^^^^^
  File "/home/theo/ds-gradu/.venv/lib/python3.12/site-packages/tabicl/model/embedding.py", line 594, in _inference_with_feature_group
    return self.inference_mgr(
           ^^^^^^^^^^^^^^^^^^^
  File "/home/theo/ds-gradu/.venv/lib/python3.12/site-packages/tabicl/model/inference.py", line 1198, in __call__
    outputs, _ = self._allocate_output_buffer(mode, tuple(output_shape), input_dtype)
                 ^^^^^^^^^^^^^^^^^^^^^^^^^^^^^^^^^^^^^^^^^^^^^^^^^^^^^^^^^^^^^^^^^^^^
  File "/home/theo/ds-gradu/.venv/lib/python3.12/site-packages/tabicl/model/inference.py", line 1001, in _allocate_output_buffer
    raise RuntimeError(
RuntimeError: CPU memory allocation failed (CUDA error: out of memory
Search for `cudaErrorMemoryAllocation' in https://docs.nvidia.com/cuda/cuda-runtime-api/group__CUDART__TYPES.html for more information.
CUDA kernel errors might be asynchronously reported at some other API call, so the stacktrace below might be incorrect.
For debugging consider passing CUDA_LAUNCH_BLOCKING=1
Compile with `TORCH_USE_CUDA_DSA` to enable device-side assertions.
) and disk offload is not available. Please specify disk_offload_dir in the configuration to enable disk offloading, or reduce the output size (estimated: 24327MB).
exit=1, cells still pending -- relaunching in 30s
=== attempt 40 2026-07-25T05:32:05+03:00 ===
Total: 20  pending: 10  done: 10
eu_cc: 284807 rows, 492 frauds, 5-fold stratified CV (cv_seed=42)

### tabiclv2 n_est=12: 10 cells ###
Traceback (most recent call last):
  File "/home/theo/ds-gradu/.venv/lib/python3.12/site-packages/tabicl/model/inference.py", line 995, in _allocate_output_buffer
    out = torch.empty(shape, dtype=dtype, device="cpu", pin_memory=use_pinned)
          ^^^^^^^^^^^^^^^^^^^^^^^^^^^^^^^^^^^^^^^^^^^^^^^^^^^^^^^^^^^^^^^^^^^^
torch.AcceleratorError: CUDA error: out of memory
Search for `cudaErrorMemoryAllocation' in https://docs.nvidia.com/cuda/cuda-runtime-api/group__CUDART__TYPES.html for more information.
CUDA kernel errors might be asynchronously reported at some other API call, so the stacktrace below might be incorrect.
For debugging consider passing CUDA_LAUNCH_BLOCKING=1
Compile with `TORCH_USE_CUDA_DSA` to enable device-side assertions.


The above exception was the direct cause of the following exception:

Traceback (most recent call last):
  File "/home/theo/ds-gradu/scripts/run_eucc_sota_cv.py", line 213, in <module>
    main()
  File "/home/theo/ds-gradu/scripts/run_eucc_sota_cv.py", line 166, in main
    probs = _predict_proba_batched(mdl, X[te_idx], batch_size=PREDICT_CHUNK)
            ^^^^^^^^^^^^^^^^^^^^^^^^^^^^^^^^^^^^^^^^^^^^^^^^^^^^^^^^^^^^^^^^
  File "/home/theo/ds-gradu/src/experiment/runner.py", line 290, in _predict_proba_batched
    parts.append(model.predict_proba(chunk)[:, 1])
                 ^^^^^^^^^^^^^^^^^^^^^^^^^^
  File "/home/theo/ds-gradu/src/models/ftm.py", line 203, in predict_proba
    proba = self._model.predict_proba(X)
            ^^^^^^^^^^^^^^^^^^^^^^^^^^^^
  File "/home/theo/ds-gradu/.venv/lib/python3.12/site-packages/tabicl/sklearn/classifier.py", line 727, in predict_proba
    outputs.append(self._batch_forward(Xs, ys, feature_shuffles))
                   ^^^^^^^^^^^^^^^^^^^^^^^^^^^^^^^^^^^^^^^^^^^^^
  File "/home/theo/ds-gradu/.venv/lib/python3.12/site-packages/tabicl/sklearn/classifier.py", line 597, in _batch_forward
    out = self.model_(
          ^^^^^^^^^^^^
  File "/home/theo/ds-gradu/.venv/lib/python3.12/site-packages/torch/nn/modules/module.py", line 1779, in _wrapped_call_impl
    return self._call_impl(*args, **kwargs)
           ^^^^^^^^^^^^^^^^^^^^^^^^^^^^^^^^
  File "/home/theo/ds-gradu/.venv/lib/python3.12/site-packages/torch/nn/modules/module.py", line 1790, in _call_impl
    return forward_call(*args, **kwargs)
           ^^^^^^^^^^^^^^^^^^^^^^^^^^^^^
  File "/home/theo/ds-gradu/.venv/lib/python3.12/site-packages/tabicl/model/tabicl.py", line 491, in forward
    out = self._inference_forward(
          ^^^^^^^^^^^^^^^^^^^^^^^^
  File "/home/theo/ds-gradu/.venv/lib/python3.12/site-packages/tabicl/model/tabicl.py", line 402, in _inference_forward
    self.col_embedder(
  File "/home/theo/ds-gradu/.venv/lib/python3.12/site-packages/torch/nn/modules/module.py", line 1779, in _wrapped_call_impl
    return self._call_impl(*args, **kwargs)
           ^^^^^^^^^^^^^^^^^^^^^^^^^^^^^^^^
  File "/home/theo/ds-gradu/.venv/lib/python3.12/site-packages/torch/nn/modules/module.py", line 1790, in _call_impl
    return forward_call(*args, **kwargs)
           ^^^^^^^^^^^^^^^^^^^^^^^^^^^^^
  File "/home/theo/ds-gradu/.venv/lib/python3.12/site-packages/tabicl/model/embedding.py", line 730, in forward
    embeddings = self._inference_forward(X, y_train, embed_with_test, feature_shuffles, mgr_config)
                 ^^^^^^^^^^^^^^^^^^^^^^^^^^^^^^^^^^^^^^^^^^^^^^^^^^^^^^^^^^^^^^^^^^^^^^^^^^^^^^^^^^
  File "/home/theo/ds-gradu/.venv/lib/python3.12/site-packages/tabicl/model/embedding.py", line 570, in _inference_forward
    embeddings = self._inference_with_feature_group(X, y_train, train_size, embed_with_test)
                 ^^^^^^^^^^^^^^^^^^^^^^^^^^^^^^^^^^^^^^^^^^^^^^^^^^^^^^^^^^^^^^^^^^^^^^^^^^^
  File "/home/theo/ds-gradu/.venv/lib/python3.12/site-packages/tabicl/model/embedding.py", line 594, in _inference_with_feature_group
    return self.inference_mgr(
           ^^^^^^^^^^^^^^^^^^^
  File "/home/theo/ds-gradu/.venv/lib/python3.12/site-packages/tabicl/model/inference.py", line 1198, in __call__
    outputs, _ = self._allocate_output_buffer(mode, tuple(output_shape), input_dtype)
                 ^^^^^^^^^^^^^^^^^^^^^^^^^^^^^^^^^^^^^^^^^^^^^^^^^^^^^^^^^^^^^^^^^^^^
  File "/home/theo/ds-gradu/.venv/lib/python3.12/site-packages/tabicl/model/inference.py", line 1001, in _allocate_output_buffer
    raise RuntimeError(
RuntimeError: CPU memory allocation failed (CUDA error: out of memory
Search for `cudaErrorMemoryAllocation' in https://docs.nvidia.com/cuda/cuda-runtime-api/group__CUDART__TYPES.html for more information.
CUDA kernel errors might be asynchronously reported at some other API call, so the stacktrace below might be incorrect.
For debugging consider passing CUDA_LAUNCH_BLOCKING=1
Compile with `TORCH_USE_CUDA_DSA` to enable device-side assertions.
) and disk offload is not available. Please specify disk_offload_dir in the configuration to enable disk offloading, or reduce the output size (estimated: 24327MB).
exit=1, cells still pending -- relaunching in 30s
=== attempt 41 2026-07-25T05:32:40+03:00 ===
Total: 20  pending: 10  done: 10
eu_cc: 284807 rows, 492 frauds, 5-fold stratified CV (cv_seed=42)

### tabiclv2 n_est=12: 10 cells ###
Traceback (most recent call last):
  File "/home/theo/ds-gradu/.venv/lib/python3.12/site-packages/tabicl/model/inference.py", line 995, in _allocate_output_buffer
    out = torch.empty(shape, dtype=dtype, device="cpu", pin_memory=use_pinned)
          ^^^^^^^^^^^^^^^^^^^^^^^^^^^^^^^^^^^^^^^^^^^^^^^^^^^^^^^^^^^^^^^^^^^^
torch.AcceleratorError: CUDA error: out of memory
Search for `cudaErrorMemoryAllocation' in https://docs.nvidia.com/cuda/cuda-runtime-api/group__CUDART__TYPES.html for more information.
CUDA kernel errors might be asynchronously reported at some other API call, so the stacktrace below might be incorrect.
For debugging consider passing CUDA_LAUNCH_BLOCKING=1
Compile with `TORCH_USE_CUDA_DSA` to enable device-side assertions.


The above exception was the direct cause of the following exception:

Traceback (most recent call last):
  File "/home/theo/ds-gradu/scripts/run_eucc_sota_cv.py", line 213, in <module>
    main()
  File "/home/theo/ds-gradu/scripts/run_eucc_sota_cv.py", line 166, in main
    probs = _predict_proba_batched(mdl, X[te_idx], batch_size=PREDICT_CHUNK)
            ^^^^^^^^^^^^^^^^^^^^^^^^^^^^^^^^^^^^^^^^^^^^^^^^^^^^^^^^^^^^^^^^
  File "/home/theo/ds-gradu/src/experiment/runner.py", line 290, in _predict_proba_batched
    parts.append(model.predict_proba(chunk)[:, 1])
                 ^^^^^^^^^^^^^^^^^^^^^^^^^^
  File "/home/theo/ds-gradu/src/models/ftm.py", line 203, in predict_proba
    proba = self._model.predict_proba(X)
            ^^^^^^^^^^^^^^^^^^^^^^^^^^^^
  File "/home/theo/ds-gradu/.venv/lib/python3.12/site-packages/tabicl/sklearn/classifier.py", line 727, in predict_proba
    outputs.append(self._batch_forward(Xs, ys, feature_shuffles))
                   ^^^^^^^^^^^^^^^^^^^^^^^^^^^^^^^^^^^^^^^^^^^^^
  File "/home/theo/ds-gradu/.venv/lib/python3.12/site-packages/tabicl/sklearn/classifier.py", line 597, in _batch_forward
    out = self.model_(
          ^^^^^^^^^^^^
  File "/home/theo/ds-gradu/.venv/lib/python3.12/site-packages/torch/nn/modules/module.py", line 1779, in _wrapped_call_impl
    return self._call_impl(*args, **kwargs)
           ^^^^^^^^^^^^^^^^^^^^^^^^^^^^^^^^
  File "/home/theo/ds-gradu/.venv/lib/python3.12/site-packages/torch/nn/modules/module.py", line 1790, in _call_impl
    return forward_call(*args, **kwargs)
           ^^^^^^^^^^^^^^^^^^^^^^^^^^^^^
  File "/home/theo/ds-gradu/.venv/lib/python3.12/site-packages/tabicl/model/tabicl.py", line 491, in forward
    out = self._inference_forward(
          ^^^^^^^^^^^^^^^^^^^^^^^^
  File "/home/theo/ds-gradu/.venv/lib/python3.12/site-packages/tabicl/model/tabicl.py", line 402, in _inference_forward
    self.col_embedder(
  File "/home/theo/ds-gradu/.venv/lib/python3.12/site-packages/torch/nn/modules/module.py", line 1779, in _wrapped_call_impl
    return self._call_impl(*args, **kwargs)
           ^^^^^^^^^^^^^^^^^^^^^^^^^^^^^^^^
  File "/home/theo/ds-gradu/.venv/lib/python3.12/site-packages/torch/nn/modules/module.py", line 1790, in _call_impl
    return forward_call(*args, **kwargs)
           ^^^^^^^^^^^^^^^^^^^^^^^^^^^^^
  File "/home/theo/ds-gradu/.venv/lib/python3.12/site-packages/tabicl/model/embedding.py", line 730, in forward
    embeddings = self._inference_forward(X, y_train, embed_with_test, feature_shuffles, mgr_config)
                 ^^^^^^^^^^^^^^^^^^^^^^^^^^^^^^^^^^^^^^^^^^^^^^^^^^^^^^^^^^^^^^^^^^^^^^^^^^^^^^^^^^
  File "/home/theo/ds-gradu/.venv/lib/python3.12/site-packages/tabicl/model/embedding.py", line 570, in _inference_forward
    embeddings = self._inference_with_feature_group(X, y_train, train_size, embed_with_test)
                 ^^^^^^^^^^^^^^^^^^^^^^^^^^^^^^^^^^^^^^^^^^^^^^^^^^^^^^^^^^^^^^^^^^^^^^^^^^^
  File "/home/theo/ds-gradu/.venv/lib/python3.12/site-packages/tabicl/model/embedding.py", line 594, in _inference_with_feature_group
    return self.inference_mgr(
           ^^^^^^^^^^^^^^^^^^^
  File "/home/theo/ds-gradu/.venv/lib/python3.12/site-packages/tabicl/model/inference.py", line 1198, in __call__
    outputs, _ = self._allocate_output_buffer(mode, tuple(output_shape), input_dtype)
                 ^^^^^^^^^^^^^^^^^^^^^^^^^^^^^^^^^^^^^^^^^^^^^^^^^^^^^^^^^^^^^^^^^^^^
  File "/home/theo/ds-gradu/.venv/lib/python3.12/site-packages/tabicl/model/inference.py", line 1001, in _allocate_output_buffer
    raise RuntimeError(
RuntimeError: CPU memory allocation failed (CUDA error: out of memory
Search for `cudaErrorMemoryAllocation' in https://docs.nvidia.com/cuda/cuda-runtime-api/group__CUDART__TYPES.html for more information.
CUDA kernel errors might be asynchronously reported at some other API call, so the stacktrace below might be incorrect.
For debugging consider passing CUDA_LAUNCH_BLOCKING=1
Compile with `TORCH_USE_CUDA_DSA` to enable device-side assertions.
) and disk offload is not available. Please specify disk_offload_dir in the configuration to enable disk offloading, or reduce the output size (estimated: 24327MB).
exit=1, cells still pending -- relaunching in 30s
=== attempt 42 2026-07-25T05:33:16+03:00 ===
Total: 20  pending: 10  done: 10
eu_cc: 284807 rows, 492 frauds, 5-fold stratified CV (cv_seed=42)

### tabiclv2 n_est=12: 10 cells ###
Traceback (most recent call last):
  File "/home/theo/ds-gradu/.venv/lib/python3.12/site-packages/tabicl/model/inference.py", line 995, in _allocate_output_buffer
    out = torch.empty(shape, dtype=dtype, device="cpu", pin_memory=use_pinned)
          ^^^^^^^^^^^^^^^^^^^^^^^^^^^^^^^^^^^^^^^^^^^^^^^^^^^^^^^^^^^^^^^^^^^^
torch.AcceleratorError: CUDA error: out of memory
Search for `cudaErrorMemoryAllocation' in https://docs.nvidia.com/cuda/cuda-runtime-api/group__CUDART__TYPES.html for more information.
CUDA kernel errors might be asynchronously reported at some other API call, so the stacktrace below might be incorrect.
For debugging consider passing CUDA_LAUNCH_BLOCKING=1
Compile with `TORCH_USE_CUDA_DSA` to enable device-side assertions.


The above exception was the direct cause of the following exception:

Traceback (most recent call last):
  File "/home/theo/ds-gradu/scripts/run_eucc_sota_cv.py", line 213, in <module>
    main()
  File "/home/theo/ds-gradu/scripts/run_eucc_sota_cv.py", line 166, in main
    probs = _predict_proba_batched(mdl, X[te_idx], batch_size=PREDICT_CHUNK)
            ^^^^^^^^^^^^^^^^^^^^^^^^^^^^^^^^^^^^^^^^^^^^^^^^^^^^^^^^^^^^^^^^
  File "/home/theo/ds-gradu/src/experiment/runner.py", line 290, in _predict_proba_batched
    parts.append(model.predict_proba(chunk)[:, 1])
                 ^^^^^^^^^^^^^^^^^^^^^^^^^^
  File "/home/theo/ds-gradu/src/models/ftm.py", line 203, in predict_proba
    proba = self._model.predict_proba(X)
            ^^^^^^^^^^^^^^^^^^^^^^^^^^^^
  File "/home/theo/ds-gradu/.venv/lib/python3.12/site-packages/tabicl/sklearn/classifier.py", line 727, in predict_proba
    outputs.append(self._batch_forward(Xs, ys, feature_shuffles))
                   ^^^^^^^^^^^^^^^^^^^^^^^^^^^^^^^^^^^^^^^^^^^^^
  File "/home/theo/ds-gradu/.venv/lib/python3.12/site-packages/tabicl/sklearn/classifier.py", line 597, in _batch_forward
    out = self.model_(
          ^^^^^^^^^^^^
  File "/home/theo/ds-gradu/.venv/lib/python3.12/site-packages/torch/nn/modules/module.py", line 1779, in _wrapped_call_impl
    return self._call_impl(*args, **kwargs)
           ^^^^^^^^^^^^^^^^^^^^^^^^^^^^^^^^
  File "/home/theo/ds-gradu/.venv/lib/python3.12/site-packages/torch/nn/modules/module.py", line 1790, in _call_impl
    return forward_call(*args, **kwargs)
           ^^^^^^^^^^^^^^^^^^^^^^^^^^^^^
  File "/home/theo/ds-gradu/.venv/lib/python3.12/site-packages/tabicl/model/tabicl.py", line 491, in forward
    out = self._inference_forward(
          ^^^^^^^^^^^^^^^^^^^^^^^^
  File "/home/theo/ds-gradu/.venv/lib/python3.12/site-packages/tabicl/model/tabicl.py", line 402, in _inference_forward
    self.col_embedder(
  File "/home/theo/ds-gradu/.venv/lib/python3.12/site-packages/torch/nn/modules/module.py", line 1779, in _wrapped_call_impl
    return self._call_impl(*args, **kwargs)
           ^^^^^^^^^^^^^^^^^^^^^^^^^^^^^^^^
  File "/home/theo/ds-gradu/.venv/lib/python3.12/site-packages/torch/nn/modules/module.py", line 1790, in _call_impl
    return forward_call(*args, **kwargs)
           ^^^^^^^^^^^^^^^^^^^^^^^^^^^^^
  File "/home/theo/ds-gradu/.venv/lib/python3.12/site-packages/tabicl/model/embedding.py", line 730, in forward
    embeddings = self._inference_forward(X, y_train, embed_with_test, feature_shuffles, mgr_config)
                 ^^^^^^^^^^^^^^^^^^^^^^^^^^^^^^^^^^^^^^^^^^^^^^^^^^^^^^^^^^^^^^^^^^^^^^^^^^^^^^^^^^
  File "/home/theo/ds-gradu/.venv/lib/python3.12/site-packages/tabicl/model/embedding.py", line 570, in _inference_forward
    embeddings = self._inference_with_feature_group(X, y_train, train_size, embed_with_test)
                 ^^^^^^^^^^^^^^^^^^^^^^^^^^^^^^^^^^^^^^^^^^^^^^^^^^^^^^^^^^^^^^^^^^^^^^^^^^^
  File "/home/theo/ds-gradu/.venv/lib/python3.12/site-packages/tabicl/model/embedding.py", line 594, in _inference_with_feature_group
    return self.inference_mgr(
           ^^^^^^^^^^^^^^^^^^^
  File "/home/theo/ds-gradu/.venv/lib/python3.12/site-packages/tabicl/model/inference.py", line 1198, in __call__
    outputs, _ = self._allocate_output_buffer(mode, tuple(output_shape), input_dtype)
                 ^^^^^^^^^^^^^^^^^^^^^^^^^^^^^^^^^^^^^^^^^^^^^^^^^^^^^^^^^^^^^^^^^^^^
  File "/home/theo/ds-gradu/.venv/lib/python3.12/site-packages/tabicl/model/inference.py", line 1001, in _allocate_output_buffer
    raise RuntimeError(
RuntimeError: CPU memory allocation failed (CUDA error: out of memory
Search for `cudaErrorMemoryAllocation' in https://docs.nvidia.com/cuda/cuda-runtime-api/group__CUDART__TYPES.html for more information.
CUDA kernel errors might be asynchronously reported at some other API call, so the stacktrace below might be incorrect.
For debugging consider passing CUDA_LAUNCH_BLOCKING=1
Compile with `TORCH_USE_CUDA_DSA` to enable device-side assertions.
) and disk offload is not available. Please specify disk_offload_dir in the configuration to enable disk offloading, or reduce the output size (estimated: 24327MB).
exit=1, cells still pending -- relaunching in 30s
=== attempt 43 2026-07-25T05:33:52+03:00 ===
Total: 20  pending: 10  done: 10
eu_cc: 284807 rows, 492 frauds, 5-fold stratified CV (cv_seed=42)

### tabiclv2 n_est=12: 10 cells ###
Traceback (most recent call last):
  File "/home/theo/ds-gradu/.venv/lib/python3.12/site-packages/tabicl/model/inference.py", line 995, in _allocate_output_buffer
    out = torch.empty(shape, dtype=dtype, device="cpu", pin_memory=use_pinned)
          ^^^^^^^^^^^^^^^^^^^^^^^^^^^^^^^^^^^^^^^^^^^^^^^^^^^^^^^^^^^^^^^^^^^^
torch.AcceleratorError: CUDA error: out of memory
Search for `cudaErrorMemoryAllocation' in https://docs.nvidia.com/cuda/cuda-runtime-api/group__CUDART__TYPES.html for more information.
CUDA kernel errors might be asynchronously reported at some other API call, so the stacktrace below might be incorrect.
For debugging consider passing CUDA_LAUNCH_BLOCKING=1
Compile with `TORCH_USE_CUDA_DSA` to enable device-side assertions.


The above exception was the direct cause of the following exception:

Traceback (most recent call last):
  File "/home/theo/ds-gradu/scripts/run_eucc_sota_cv.py", line 213, in <module>
    main()
  File "/home/theo/ds-gradu/scripts/run_eucc_sota_cv.py", line 166, in main
    probs = _predict_proba_batched(mdl, X[te_idx], batch_size=PREDICT_CHUNK)
            ^^^^^^^^^^^^^^^^^^^^^^^^^^^^^^^^^^^^^^^^^^^^^^^^^^^^^^^^^^^^^^^^
  File "/home/theo/ds-gradu/src/experiment/runner.py", line 290, in _predict_proba_batched
    parts.append(model.predict_proba(chunk)[:, 1])
                 ^^^^^^^^^^^^^^^^^^^^^^^^^^
  File "/home/theo/ds-gradu/src/models/ftm.py", line 203, in predict_proba
    proba = self._model.predict_proba(X)
            ^^^^^^^^^^^^^^^^^^^^^^^^^^^^
  File "/home/theo/ds-gradu/.venv/lib/python3.12/site-packages/tabicl/sklearn/classifier.py", line 727, in predict_proba
    outputs.append(self._batch_forward(Xs, ys, feature_shuffles))
                   ^^^^^^^^^^^^^^^^^^^^^^^^^^^^^^^^^^^^^^^^^^^^^
  File "/home/theo/ds-gradu/.venv/lib/python3.12/site-packages/tabicl/sklearn/classifier.py", line 597, in _batch_forward
    out = self.model_(
          ^^^^^^^^^^^^
  File "/home/theo/ds-gradu/.venv/lib/python3.12/site-packages/torch/nn/modules/module.py", line 1779, in _wrapped_call_impl
    return self._call_impl(*args, **kwargs)
           ^^^^^^^^^^^^^^^^^^^^^^^^^^^^^^^^
  File "/home/theo/ds-gradu/.venv/lib/python3.12/site-packages/torch/nn/modules/module.py", line 1790, in _call_impl
    return forward_call(*args, **kwargs)
           ^^^^^^^^^^^^^^^^^^^^^^^^^^^^^
  File "/home/theo/ds-gradu/.venv/lib/python3.12/site-packages/tabicl/model/tabicl.py", line 491, in forward
    out = self._inference_forward(
          ^^^^^^^^^^^^^^^^^^^^^^^^
  File "/home/theo/ds-gradu/.venv/lib/python3.12/site-packages/tabicl/model/tabicl.py", line 402, in _inference_forward
    self.col_embedder(
  File "/home/theo/ds-gradu/.venv/lib/python3.12/site-packages/torch/nn/modules/module.py", line 1779, in _wrapped_call_impl
    return self._call_impl(*args, **kwargs)
           ^^^^^^^^^^^^^^^^^^^^^^^^^^^^^^^^
  File "/home/theo/ds-gradu/.venv/lib/python3.12/site-packages/torch/nn/modules/module.py", line 1790, in _call_impl
    return forward_call(*args, **kwargs)
           ^^^^^^^^^^^^^^^^^^^^^^^^^^^^^
  File "/home/theo/ds-gradu/.venv/lib/python3.12/site-packages/tabicl/model/embedding.py", line 730, in forward
    embeddings = self._inference_forward(X, y_train, embed_with_test, feature_shuffles, mgr_config)
                 ^^^^^^^^^^^^^^^^^^^^^^^^^^^^^^^^^^^^^^^^^^^^^^^^^^^^^^^^^^^^^^^^^^^^^^^^^^^^^^^^^^
  File "/home/theo/ds-gradu/.venv/lib/python3.12/site-packages/tabicl/model/embedding.py", line 570, in _inference_forward
    embeddings = self._inference_with_feature_group(X, y_train, train_size, embed_with_test)
                 ^^^^^^^^^^^^^^^^^^^^^^^^^^^^^^^^^^^^^^^^^^^^^^^^^^^^^^^^^^^^^^^^^^^^^^^^^^^
  File "/home/theo/ds-gradu/.venv/lib/python3.12/site-packages/tabicl/model/embedding.py", line 594, in _inference_with_feature_group
    return self.inference_mgr(
           ^^^^^^^^^^^^^^^^^^^
  File "/home/theo/ds-gradu/.venv/lib/python3.12/site-packages/tabicl/model/inference.py", line 1198, in __call__
    outputs, _ = self._allocate_output_buffer(mode, tuple(output_shape), input_dtype)
                 ^^^^^^^^^^^^^^^^^^^^^^^^^^^^^^^^^^^^^^^^^^^^^^^^^^^^^^^^^^^^^^^^^^^^
  File "/home/theo/ds-gradu/.venv/lib/python3.12/site-packages/tabicl/model/inference.py", line 1001, in _allocate_output_buffer
    raise RuntimeError(
RuntimeError: CPU memory allocation failed (CUDA error: out of memory
Search for `cudaErrorMemoryAllocation' in https://docs.nvidia.com/cuda/cuda-runtime-api/group__CUDART__TYPES.html for more information.
CUDA kernel errors might be asynchronously reported at some other API call, so the stacktrace below might be incorrect.
For debugging consider passing CUDA_LAUNCH_BLOCKING=1
Compile with `TORCH_USE_CUDA_DSA` to enable device-side assertions.
) and disk offload is not available. Please specify disk_offload_dir in the configuration to enable disk offloading, or reduce the output size (estimated: 24327MB).
exit=1, cells still pending -- relaunching in 30s
=== attempt 44 2026-07-25T05:34:27+03:00 ===
Total: 20  pending: 10  done: 10
eu_cc: 284807 rows, 492 frauds, 5-fold stratified CV (cv_seed=42)

### tabiclv2 n_est=12: 10 cells ###
Traceback (most recent call last):
  File "/home/theo/ds-gradu/.venv/lib/python3.12/site-packages/tabicl/model/inference.py", line 995, in _allocate_output_buffer
    out = torch.empty(shape, dtype=dtype, device="cpu", pin_memory=use_pinned)
          ^^^^^^^^^^^^^^^^^^^^^^^^^^^^^^^^^^^^^^^^^^^^^^^^^^^^^^^^^^^^^^^^^^^^
torch.AcceleratorError: CUDA error: out of memory
Search for `cudaErrorMemoryAllocation' in https://docs.nvidia.com/cuda/cuda-runtime-api/group__CUDART__TYPES.html for more information.
CUDA kernel errors might be asynchronously reported at some other API call, so the stacktrace below might be incorrect.
For debugging consider passing CUDA_LAUNCH_BLOCKING=1
Compile with `TORCH_USE_CUDA_DSA` to enable device-side assertions.


The above exception was the direct cause of the following exception:

Traceback (most recent call last):
  File "/home/theo/ds-gradu/scripts/run_eucc_sota_cv.py", line 213, in <module>
    main()
  File "/home/theo/ds-gradu/scripts/run_eucc_sota_cv.py", line 166, in main
    probs = _predict_proba_batched(mdl, X[te_idx], batch_size=PREDICT_CHUNK)
            ^^^^^^^^^^^^^^^^^^^^^^^^^^^^^^^^^^^^^^^^^^^^^^^^^^^^^^^^^^^^^^^^
  File "/home/theo/ds-gradu/src/experiment/runner.py", line 290, in _predict_proba_batched
    parts.append(model.predict_proba(chunk)[:, 1])
                 ^^^^^^^^^^^^^^^^^^^^^^^^^^
  File "/home/theo/ds-gradu/src/models/ftm.py", line 203, in predict_proba
    proba = self._model.predict_proba(X)
            ^^^^^^^^^^^^^^^^^^^^^^^^^^^^
  File "/home/theo/ds-gradu/.venv/lib/python3.12/site-packages/tabicl/sklearn/classifier.py", line 727, in predict_proba
    outputs.append(self._batch_forward(Xs, ys, feature_shuffles))
                   ^^^^^^^^^^^^^^^^^^^^^^^^^^^^^^^^^^^^^^^^^^^^^
  File "/home/theo/ds-gradu/.venv/lib/python3.12/site-packages/tabicl/sklearn/classifier.py", line 597, in _batch_forward
    out = self.model_(
          ^^^^^^^^^^^^
  File "/home/theo/ds-gradu/.venv/lib/python3.12/site-packages/torch/nn/modules/module.py", line 1779, in _wrapped_call_impl
    return self._call_impl(*args, **kwargs)
           ^^^^^^^^^^^^^^^^^^^^^^^^^^^^^^^^
  File "/home/theo/ds-gradu/.venv/lib/python3.12/site-packages/torch/nn/modules/module.py", line 1790, in _call_impl
    return forward_call(*args, **kwargs)
           ^^^^^^^^^^^^^^^^^^^^^^^^^^^^^
  File "/home/theo/ds-gradu/.venv/lib/python3.12/site-packages/tabicl/model/tabicl.py", line 491, in forward
    out = self._inference_forward(
          ^^^^^^^^^^^^^^^^^^^^^^^^
  File "/home/theo/ds-gradu/.venv/lib/python3.12/site-packages/tabicl/model/tabicl.py", line 402, in _inference_forward
    self.col_embedder(
  File "/home/theo/ds-gradu/.venv/lib/python3.12/site-packages/torch/nn/modules/module.py", line 1779, in _wrapped_call_impl
    return self._call_impl(*args, **kwargs)
           ^^^^^^^^^^^^^^^^^^^^^^^^^^^^^^^^
  File "/home/theo/ds-gradu/.venv/lib/python3.12/site-packages/torch/nn/modules/module.py", line 1790, in _call_impl
    return forward_call(*args, **kwargs)
           ^^^^^^^^^^^^^^^^^^^^^^^^^^^^^
  File "/home/theo/ds-gradu/.venv/lib/python3.12/site-packages/tabicl/model/embedding.py", line 730, in forward
    embeddings = self._inference_forward(X, y_train, embed_with_test, feature_shuffles, mgr_config)
                 ^^^^^^^^^^^^^^^^^^^^^^^^^^^^^^^^^^^^^^^^^^^^^^^^^^^^^^^^^^^^^^^^^^^^^^^^^^^^^^^^^^
  File "/home/theo/ds-gradu/.venv/lib/python3.12/site-packages/tabicl/model/embedding.py", line 570, in _inference_forward
    embeddings = self._inference_with_feature_group(X, y_train, train_size, embed_with_test)
                 ^^^^^^^^^^^^^^^^^^^^^^^^^^^^^^^^^^^^^^^^^^^^^^^^^^^^^^^^^^^^^^^^^^^^^^^^^^^
  File "/home/theo/ds-gradu/.venv/lib/python3.12/site-packages/tabicl/model/embedding.py", line 594, in _inference_with_feature_group
    return self.inference_mgr(
           ^^^^^^^^^^^^^^^^^^^
  File "/home/theo/ds-gradu/.venv/lib/python3.12/site-packages/tabicl/model/inference.py", line 1198, in __call__
    outputs, _ = self._allocate_output_buffer(mode, tuple(output_shape), input_dtype)
                 ^^^^^^^^^^^^^^^^^^^^^^^^^^^^^^^^^^^^^^^^^^^^^^^^^^^^^^^^^^^^^^^^^^^^
  File "/home/theo/ds-gradu/.venv/lib/python3.12/site-packages/tabicl/model/inference.py", line 1001, in _allocate_output_buffer
    raise RuntimeError(
RuntimeError: CPU memory allocation failed (CUDA error: out of memory
Search for `cudaErrorMemoryAllocation' in https://docs.nvidia.com/cuda/cuda-runtime-api/group__CUDART__TYPES.html for more information.
CUDA kernel errors might be asynchronously reported at some other API call, so the stacktrace below might be incorrect.
For debugging consider passing CUDA_LAUNCH_BLOCKING=1
Compile with `TORCH_USE_CUDA_DSA` to enable device-side assertions.
) and disk offload is not available. Please specify disk_offload_dir in the configuration to enable disk offloading, or reduce the output size (estimated: 24327MB).
exit=1, cells still pending -- relaunching in 30s
=== attempt 45 2026-07-25T05:35:03+03:00 ===
Total: 20  pending: 10  done: 10
eu_cc: 284807 rows, 492 frauds, 5-fold stratified CV (cv_seed=42)

### tabiclv2 n_est=12: 10 cells ###
Traceback (most recent call last):
  File "/home/theo/ds-gradu/.venv/lib/python3.12/site-packages/tabicl/model/inference.py", line 995, in _allocate_output_buffer
    out = torch.empty(shape, dtype=dtype, device="cpu", pin_memory=use_pinned)
          ^^^^^^^^^^^^^^^^^^^^^^^^^^^^^^^^^^^^^^^^^^^^^^^^^^^^^^^^^^^^^^^^^^^^
torch.AcceleratorError: CUDA error: out of memory
Search for `cudaErrorMemoryAllocation' in https://docs.nvidia.com/cuda/cuda-runtime-api/group__CUDART__TYPES.html for more information.
CUDA kernel errors might be asynchronously reported at some other API call, so the stacktrace below might be incorrect.
For debugging consider passing CUDA_LAUNCH_BLOCKING=1
Compile with `TORCH_USE_CUDA_DSA` to enable device-side assertions.


The above exception was the direct cause of the following exception:

Traceback (most recent call last):
  File "/home/theo/ds-gradu/scripts/run_eucc_sota_cv.py", line 213, in <module>
    main()
  File "/home/theo/ds-gradu/scripts/run_eucc_sota_cv.py", line 166, in main
    probs = _predict_proba_batched(mdl, X[te_idx], batch_size=PREDICT_CHUNK)
            ^^^^^^^^^^^^^^^^^^^^^^^^^^^^^^^^^^^^^^^^^^^^^^^^^^^^^^^^^^^^^^^^
  File "/home/theo/ds-gradu/src/experiment/runner.py", line 290, in _predict_proba_batched
    parts.append(model.predict_proba(chunk)[:, 1])
                 ^^^^^^^^^^^^^^^^^^^^^^^^^^
  File "/home/theo/ds-gradu/src/models/ftm.py", line 203, in predict_proba
    proba = self._model.predict_proba(X)
            ^^^^^^^^^^^^^^^^^^^^^^^^^^^^
  File "/home/theo/ds-gradu/.venv/lib/python3.12/site-packages/tabicl/sklearn/classifier.py", line 727, in predict_proba
    outputs.append(self._batch_forward(Xs, ys, feature_shuffles))
                   ^^^^^^^^^^^^^^^^^^^^^^^^^^^^^^^^^^^^^^^^^^^^^
  File "/home/theo/ds-gradu/.venv/lib/python3.12/site-packages/tabicl/sklearn/classifier.py", line 597, in _batch_forward
    out = self.model_(
          ^^^^^^^^^^^^
  File "/home/theo/ds-gradu/.venv/lib/python3.12/site-packages/torch/nn/modules/module.py", line 1779, in _wrapped_call_impl
    return self._call_impl(*args, **kwargs)
           ^^^^^^^^^^^^^^^^^^^^^^^^^^^^^^^^
  File "/home/theo/ds-gradu/.venv/lib/python3.12/site-packages/torch/nn/modules/module.py", line 1790, in _call_impl
    return forward_call(*args, **kwargs)
           ^^^^^^^^^^^^^^^^^^^^^^^^^^^^^
  File "/home/theo/ds-gradu/.venv/lib/python3.12/site-packages/tabicl/model/tabicl.py", line 491, in forward
    out = self._inference_forward(
          ^^^^^^^^^^^^^^^^^^^^^^^^
  File "/home/theo/ds-gradu/.venv/lib/python3.12/site-packages/tabicl/model/tabicl.py", line 402, in _inference_forward
    self.col_embedder(
  File "/home/theo/ds-gradu/.venv/lib/python3.12/site-packages/torch/nn/modules/module.py", line 1779, in _wrapped_call_impl
    return self._call_impl(*args, **kwargs)
           ^^^^^^^^^^^^^^^^^^^^^^^^^^^^^^^^
  File "/home/theo/ds-gradu/.venv/lib/python3.12/site-packages/torch/nn/modules/module.py", line 1790, in _call_impl
    return forward_call(*args, **kwargs)
           ^^^^^^^^^^^^^^^^^^^^^^^^^^^^^
  File "/home/theo/ds-gradu/.venv/lib/python3.12/site-packages/tabicl/model/embedding.py", line 730, in forward
    embeddings = self._inference_forward(X, y_train, embed_with_test, feature_shuffles, mgr_config)
                 ^^^^^^^^^^^^^^^^^^^^^^^^^^^^^^^^^^^^^^^^^^^^^^^^^^^^^^^^^^^^^^^^^^^^^^^^^^^^^^^^^^
  File "/home/theo/ds-gradu/.venv/lib/python3.12/site-packages/tabicl/model/embedding.py", line 570, in _inference_forward
    embeddings = self._inference_with_feature_group(X, y_train, train_size, embed_with_test)
                 ^^^^^^^^^^^^^^^^^^^^^^^^^^^^^^^^^^^^^^^^^^^^^^^^^^^^^^^^^^^^^^^^^^^^^^^^^^^
  File "/home/theo/ds-gradu/.venv/lib/python3.12/site-packages/tabicl/model/embedding.py", line 594, in _inference_with_feature_group
    return self.inference_mgr(
           ^^^^^^^^^^^^^^^^^^^
  File "/home/theo/ds-gradu/.venv/lib/python3.12/site-packages/tabicl/model/inference.py", line 1198, in __call__
    outputs, _ = self._allocate_output_buffer(mode, tuple(output_shape), input_dtype)
                 ^^^^^^^^^^^^^^^^^^^^^^^^^^^^^^^^^^^^^^^^^^^^^^^^^^^^^^^^^^^^^^^^^^^^
  File "/home/theo/ds-gradu/.venv/lib/python3.12/site-packages/tabicl/model/inference.py", line 1001, in _allocate_output_buffer
    raise RuntimeError(
RuntimeError: CPU memory allocation failed (CUDA error: out of memory
Search for `cudaErrorMemoryAllocation' in https://docs.nvidia.com/cuda/cuda-runtime-api/group__CUDART__TYPES.html for more information.
CUDA kernel errors might be asynchronously reported at some other API call, so the stacktrace below might be incorrect.
For debugging consider passing CUDA_LAUNCH_BLOCKING=1
Compile with `TORCH_USE_CUDA_DSA` to enable device-side assertions.
) and disk offload is not available. Please specify disk_offload_dir in the configuration to enable disk offloading, or reduce the output size (estimated: 24327MB).
exit=1, cells still pending -- relaunching in 30s
=== attempt 46 2026-07-25T05:35:38+03:00 ===
Total: 20  pending: 10  done: 10
eu_cc: 284807 rows, 492 frauds, 5-fold stratified CV (cv_seed=42)

### tabiclv2 n_est=12: 10 cells ###
Traceback (most recent call last):
  File "/home/theo/ds-gradu/.venv/lib/python3.12/site-packages/tabicl/model/inference.py", line 995, in _allocate_output_buffer
    out = torch.empty(shape, dtype=dtype, device="cpu", pin_memory=use_pinned)
          ^^^^^^^^^^^^^^^^^^^^^^^^^^^^^^^^^^^^^^^^^^^^^^^^^^^^^^^^^^^^^^^^^^^^
torch.AcceleratorError: CUDA error: out of memory
Search for `cudaErrorMemoryAllocation' in https://docs.nvidia.com/cuda/cuda-runtime-api/group__CUDART__TYPES.html for more information.
CUDA kernel errors might be asynchronously reported at some other API call, so the stacktrace below might be incorrect.
For debugging consider passing CUDA_LAUNCH_BLOCKING=1
Compile with `TORCH_USE_CUDA_DSA` to enable device-side assertions.


The above exception was the direct cause of the following exception:

Traceback (most recent call last):
  File "/home/theo/ds-gradu/scripts/run_eucc_sota_cv.py", line 213, in <module>
    main()
  File "/home/theo/ds-gradu/scripts/run_eucc_sota_cv.py", line 166, in main
    probs = _predict_proba_batched(mdl, X[te_idx], batch_size=PREDICT_CHUNK)
            ^^^^^^^^^^^^^^^^^^^^^^^^^^^^^^^^^^^^^^^^^^^^^^^^^^^^^^^^^^^^^^^^
  File "/home/theo/ds-gradu/src/experiment/runner.py", line 290, in _predict_proba_batched
    parts.append(model.predict_proba(chunk)[:, 1])
                 ^^^^^^^^^^^^^^^^^^^^^^^^^^
  File "/home/theo/ds-gradu/src/models/ftm.py", line 203, in predict_proba
    proba = self._model.predict_proba(X)
            ^^^^^^^^^^^^^^^^^^^^^^^^^^^^
  File "/home/theo/ds-gradu/.venv/lib/python3.12/site-packages/tabicl/sklearn/classifier.py", line 727, in predict_proba
    outputs.append(self._batch_forward(Xs, ys, feature_shuffles))
                   ^^^^^^^^^^^^^^^^^^^^^^^^^^^^^^^^^^^^^^^^^^^^^
  File "/home/theo/ds-gradu/.venv/lib/python3.12/site-packages/tabicl/sklearn/classifier.py", line 597, in _batch_forward
    out = self.model_(
          ^^^^^^^^^^^^
  File "/home/theo/ds-gradu/.venv/lib/python3.12/site-packages/torch/nn/modules/module.py", line 1779, in _wrapped_call_impl
    return self._call_impl(*args, **kwargs)
           ^^^^^^^^^^^^^^^^^^^^^^^^^^^^^^^^
  File "/home/theo/ds-gradu/.venv/lib/python3.12/site-packages/torch/nn/modules/module.py", line 1790, in _call_impl
    return forward_call(*args, **kwargs)
           ^^^^^^^^^^^^^^^^^^^^^^^^^^^^^
  File "/home/theo/ds-gradu/.venv/lib/python3.12/site-packages/tabicl/model/tabicl.py", line 491, in forward
    out = self._inference_forward(
          ^^^^^^^^^^^^^^^^^^^^^^^^
  File "/home/theo/ds-gradu/.venv/lib/python3.12/site-packages/tabicl/model/tabicl.py", line 402, in _inference_forward
    self.col_embedder(
  File "/home/theo/ds-gradu/.venv/lib/python3.12/site-packages/torch/nn/modules/module.py", line 1779, in _wrapped_call_impl
    return self._call_impl(*args, **kwargs)
           ^^^^^^^^^^^^^^^^^^^^^^^^^^^^^^^^
  File "/home/theo/ds-gradu/.venv/lib/python3.12/site-packages/torch/nn/modules/module.py", line 1790, in _call_impl
    return forward_call(*args, **kwargs)
           ^^^^^^^^^^^^^^^^^^^^^^^^^^^^^
  File "/home/theo/ds-gradu/.venv/lib/python3.12/site-packages/tabicl/model/embedding.py", line 730, in forward
    embeddings = self._inference_forward(X, y_train, embed_with_test, feature_shuffles, mgr_config)
                 ^^^^^^^^^^^^^^^^^^^^^^^^^^^^^^^^^^^^^^^^^^^^^^^^^^^^^^^^^^^^^^^^^^^^^^^^^^^^^^^^^^
  File "/home/theo/ds-gradu/.venv/lib/python3.12/site-packages/tabicl/model/embedding.py", line 570, in _inference_forward
    embeddings = self._inference_with_feature_group(X, y_train, train_size, embed_with_test)
                 ^^^^^^^^^^^^^^^^^^^^^^^^^^^^^^^^^^^^^^^^^^^^^^^^^^^^^^^^^^^^^^^^^^^^^^^^^^^
  File "/home/theo/ds-gradu/.venv/lib/python3.12/site-packages/tabicl/model/embedding.py", line 594, in _inference_with_feature_group
    return self.inference_mgr(
           ^^^^^^^^^^^^^^^^^^^
  File "/home/theo/ds-gradu/.venv/lib/python3.12/site-packages/tabicl/model/inference.py", line 1198, in __call__
    outputs, _ = self._allocate_output_buffer(mode, tuple(output_shape), input_dtype)
                 ^^^^^^^^^^^^^^^^^^^^^^^^^^^^^^^^^^^^^^^^^^^^^^^^^^^^^^^^^^^^^^^^^^^^
  File "/home/theo/ds-gradu/.venv/lib/python3.12/site-packages/tabicl/model/inference.py", line 1001, in _allocate_output_buffer
    raise RuntimeError(
RuntimeError: CPU memory allocation failed (CUDA error: out of memory
Search for `cudaErrorMemoryAllocation' in https://docs.nvidia.com/cuda/cuda-runtime-api/group__CUDART__TYPES.html for more information.
CUDA kernel errors might be asynchronously reported at some other API call, so the stacktrace below might be incorrect.
For debugging consider passing CUDA_LAUNCH_BLOCKING=1
Compile with `TORCH_USE_CUDA_DSA` to enable device-side assertions.
) and disk offload is not available. Please specify disk_offload_dir in the configuration to enable disk offloading, or reduce the output size (estimated: 24327MB).
exit=1, cells still pending -- relaunching in 30s
=== attempt 47 2026-07-25T05:36:14+03:00 ===
Total: 20  pending: 10  done: 10
eu_cc: 284807 rows, 492 frauds, 5-fold stratified CV (cv_seed=42)

### tabiclv2 n_est=12: 10 cells ###
Traceback (most recent call last):
  File "/home/theo/ds-gradu/.venv/lib/python3.12/site-packages/tabicl/model/inference.py", line 995, in _allocate_output_buffer
    out = torch.empty(shape, dtype=dtype, device="cpu", pin_memory=use_pinned)
          ^^^^^^^^^^^^^^^^^^^^^^^^^^^^^^^^^^^^^^^^^^^^^^^^^^^^^^^^^^^^^^^^^^^^
torch.AcceleratorError: CUDA error: out of memory
Search for `cudaErrorMemoryAllocation' in https://docs.nvidia.com/cuda/cuda-runtime-api/group__CUDART__TYPES.html for more information.
CUDA kernel errors might be asynchronously reported at some other API call, so the stacktrace below might be incorrect.
For debugging consider passing CUDA_LAUNCH_BLOCKING=1
Compile with `TORCH_USE_CUDA_DSA` to enable device-side assertions.


The above exception was the direct cause of the following exception:

Traceback (most recent call last):
  File "/home/theo/ds-gradu/scripts/run_eucc_sota_cv.py", line 213, in <module>
    main()
  File "/home/theo/ds-gradu/scripts/run_eucc_sota_cv.py", line 166, in main
    probs = _predict_proba_batched(mdl, X[te_idx], batch_size=PREDICT_CHUNK)
            ^^^^^^^^^^^^^^^^^^^^^^^^^^^^^^^^^^^^^^^^^^^^^^^^^^^^^^^^^^^^^^^^
  File "/home/theo/ds-gradu/src/experiment/runner.py", line 290, in _predict_proba_batched
    parts.append(model.predict_proba(chunk)[:, 1])
                 ^^^^^^^^^^^^^^^^^^^^^^^^^^
  File "/home/theo/ds-gradu/src/models/ftm.py", line 203, in predict_proba
    proba = self._model.predict_proba(X)
            ^^^^^^^^^^^^^^^^^^^^^^^^^^^^
  File "/home/theo/ds-gradu/.venv/lib/python3.12/site-packages/tabicl/sklearn/classifier.py", line 727, in predict_proba
    outputs.append(self._batch_forward(Xs, ys, feature_shuffles))
                   ^^^^^^^^^^^^^^^^^^^^^^^^^^^^^^^^^^^^^^^^^^^^^
  File "/home/theo/ds-gradu/.venv/lib/python3.12/site-packages/tabicl/sklearn/classifier.py", line 597, in _batch_forward
    out = self.model_(
          ^^^^^^^^^^^^
  File "/home/theo/ds-gradu/.venv/lib/python3.12/site-packages/torch/nn/modules/module.py", line 1779, in _wrapped_call_impl
    return self._call_impl(*args, **kwargs)
           ^^^^^^^^^^^^^^^^^^^^^^^^^^^^^^^^
  File "/home/theo/ds-gradu/.venv/lib/python3.12/site-packages/torch/nn/modules/module.py", line 1790, in _call_impl
    return forward_call(*args, **kwargs)
           ^^^^^^^^^^^^^^^^^^^^^^^^^^^^^
  File "/home/theo/ds-gradu/.venv/lib/python3.12/site-packages/tabicl/model/tabicl.py", line 491, in forward
    out = self._inference_forward(
          ^^^^^^^^^^^^^^^^^^^^^^^^
  File "/home/theo/ds-gradu/.venv/lib/python3.12/site-packages/tabicl/model/tabicl.py", line 402, in _inference_forward
    self.col_embedder(
  File "/home/theo/ds-gradu/.venv/lib/python3.12/site-packages/torch/nn/modules/module.py", line 1779, in _wrapped_call_impl
    return self._call_impl(*args, **kwargs)
           ^^^^^^^^^^^^^^^^^^^^^^^^^^^^^^^^
  File "/home/theo/ds-gradu/.venv/lib/python3.12/site-packages/torch/nn/modules/module.py", line 1790, in _call_impl
    return forward_call(*args, **kwargs)
           ^^^^^^^^^^^^^^^^^^^^^^^^^^^^^
  File "/home/theo/ds-gradu/.venv/lib/python3.12/site-packages/tabicl/model/embedding.py", line 730, in forward
    embeddings = self._inference_forward(X, y_train, embed_with_test, feature_shuffles, mgr_config)
                 ^^^^^^^^^^^^^^^^^^^^^^^^^^^^^^^^^^^^^^^^^^^^^^^^^^^^^^^^^^^^^^^^^^^^^^^^^^^^^^^^^^
  File "/home/theo/ds-gradu/.venv/lib/python3.12/site-packages/tabicl/model/embedding.py", line 570, in _inference_forward
    embeddings = self._inference_with_feature_group(X, y_train, train_size, embed_with_test)
                 ^^^^^^^^^^^^^^^^^^^^^^^^^^^^^^^^^^^^^^^^^^^^^^^^^^^^^^^^^^^^^^^^^^^^^^^^^^^
  File "/home/theo/ds-gradu/.venv/lib/python3.12/site-packages/tabicl/model/embedding.py", line 594, in _inference_with_feature_group
    return self.inference_mgr(
           ^^^^^^^^^^^^^^^^^^^
  File "/home/theo/ds-gradu/.venv/lib/python3.12/site-packages/tabicl/model/inference.py", line 1198, in __call__
    outputs, _ = self._allocate_output_buffer(mode, tuple(output_shape), input_dtype)
                 ^^^^^^^^^^^^^^^^^^^^^^^^^^^^^^^^^^^^^^^^^^^^^^^^^^^^^^^^^^^^^^^^^^^^
  File "/home/theo/ds-gradu/.venv/lib/python3.12/site-packages/tabicl/model/inference.py", line 1001, in _allocate_output_buffer
    raise RuntimeError(
RuntimeError: CPU memory allocation failed (CUDA error: out of memory
Search for `cudaErrorMemoryAllocation' in https://docs.nvidia.com/cuda/cuda-runtime-api/group__CUDART__TYPES.html for more information.
CUDA kernel errors might be asynchronously reported at some other API call, so the stacktrace below might be incorrect.
For debugging consider passing CUDA_LAUNCH_BLOCKING=1
Compile with `TORCH_USE_CUDA_DSA` to enable device-side assertions.
) and disk offload is not available. Please specify disk_offload_dir in the configuration to enable disk offloading, or reduce the output size (estimated: 24327MB).
exit=1, cells still pending -- relaunching in 30s
=== attempt 48 2026-07-25T05:36:50+03:00 ===
Total: 20  pending: 10  done: 10
eu_cc: 284807 rows, 492 frauds, 5-fold stratified CV (cv_seed=42)

### tabiclv2 n_est=12: 10 cells ###
Traceback (most recent call last):
  File "/home/theo/ds-gradu/.venv/lib/python3.12/site-packages/tabicl/model/inference.py", line 995, in _allocate_output_buffer
    out = torch.empty(shape, dtype=dtype, device="cpu", pin_memory=use_pinned)
          ^^^^^^^^^^^^^^^^^^^^^^^^^^^^^^^^^^^^^^^^^^^^^^^^^^^^^^^^^^^^^^^^^^^^
torch.AcceleratorError: CUDA error: out of memory
Search for `cudaErrorMemoryAllocation' in https://docs.nvidia.com/cuda/cuda-runtime-api/group__CUDART__TYPES.html for more information.
CUDA kernel errors might be asynchronously reported at some other API call, so the stacktrace below might be incorrect.
For debugging consider passing CUDA_LAUNCH_BLOCKING=1
Compile with `TORCH_USE_CUDA_DSA` to enable device-side assertions.


The above exception was the direct cause of the following exception:

Traceback (most recent call last):
  File "/home/theo/ds-gradu/scripts/run_eucc_sota_cv.py", line 213, in <module>
    main()
  File "/home/theo/ds-gradu/scripts/run_eucc_sota_cv.py", line 166, in main
    probs = _predict_proba_batched(mdl, X[te_idx], batch_size=PREDICT_CHUNK)
            ^^^^^^^^^^^^^^^^^^^^^^^^^^^^^^^^^^^^^^^^^^^^^^^^^^^^^^^^^^^^^^^^
  File "/home/theo/ds-gradu/src/experiment/runner.py", line 290, in _predict_proba_batched
    parts.append(model.predict_proba(chunk)[:, 1])
                 ^^^^^^^^^^^^^^^^^^^^^^^^^^
  File "/home/theo/ds-gradu/src/models/ftm.py", line 203, in predict_proba
    proba = self._model.predict_proba(X)
            ^^^^^^^^^^^^^^^^^^^^^^^^^^^^
  File "/home/theo/ds-gradu/.venv/lib/python3.12/site-packages/tabicl/sklearn/classifier.py", line 727, in predict_proba
    outputs.append(self._batch_forward(Xs, ys, feature_shuffles))
                   ^^^^^^^^^^^^^^^^^^^^^^^^^^^^^^^^^^^^^^^^^^^^^
  File "/home/theo/ds-gradu/.venv/lib/python3.12/site-packages/tabicl/sklearn/classifier.py", line 597, in _batch_forward
    out = self.model_(
          ^^^^^^^^^^^^
  File "/home/theo/ds-gradu/.venv/lib/python3.12/site-packages/torch/nn/modules/module.py", line 1779, in _wrapped_call_impl
    return self._call_impl(*args, **kwargs)
           ^^^^^^^^^^^^^^^^^^^^^^^^^^^^^^^^
  File "/home/theo/ds-gradu/.venv/lib/python3.12/site-packages/torch/nn/modules/module.py", line 1790, in _call_impl
    return forward_call(*args, **kwargs)
           ^^^^^^^^^^^^^^^^^^^^^^^^^^^^^
  File "/home/theo/ds-gradu/.venv/lib/python3.12/site-packages/tabicl/model/tabicl.py", line 491, in forward
    out = self._inference_forward(
          ^^^^^^^^^^^^^^^^^^^^^^^^
  File "/home/theo/ds-gradu/.venv/lib/python3.12/site-packages/tabicl/model/tabicl.py", line 402, in _inference_forward
    self.col_embedder(
  File "/home/theo/ds-gradu/.venv/lib/python3.12/site-packages/torch/nn/modules/module.py", line 1779, in _wrapped_call_impl
    return self._call_impl(*args, **kwargs)
           ^^^^^^^^^^^^^^^^^^^^^^^^^^^^^^^^
  File "/home/theo/ds-gradu/.venv/lib/python3.12/site-packages/torch/nn/modules/module.py", line 1790, in _call_impl
    return forward_call(*args, **kwargs)
           ^^^^^^^^^^^^^^^^^^^^^^^^^^^^^
  File "/home/theo/ds-gradu/.venv/lib/python3.12/site-packages/tabicl/model/embedding.py", line 730, in forward
    embeddings = self._inference_forward(X, y_train, embed_with_test, feature_shuffles, mgr_config)
                 ^^^^^^^^^^^^^^^^^^^^^^^^^^^^^^^^^^^^^^^^^^^^^^^^^^^^^^^^^^^^^^^^^^^^^^^^^^^^^^^^^^
  File "/home/theo/ds-gradu/.venv/lib/python3.12/site-packages/tabicl/model/embedding.py", line 570, in _inference_forward
    embeddings = self._inference_with_feature_group(X, y_train, train_size, embed_with_test)
                 ^^^^^^^^^^^^^^^^^^^^^^^^^^^^^^^^^^^^^^^^^^^^^^^^^^^^^^^^^^^^^^^^^^^^^^^^^^^
  File "/home/theo/ds-gradu/.venv/lib/python3.12/site-packages/tabicl/model/embedding.py", line 594, in _inference_with_feature_group
    return self.inference_mgr(
           ^^^^^^^^^^^^^^^^^^^
  File "/home/theo/ds-gradu/.venv/lib/python3.12/site-packages/tabicl/model/inference.py", line 1198, in __call__
    outputs, _ = self._allocate_output_buffer(mode, tuple(output_shape), input_dtype)
                 ^^^^^^^^^^^^^^^^^^^^^^^^^^^^^^^^^^^^^^^^^^^^^^^^^^^^^^^^^^^^^^^^^^^^
  File "/home/theo/ds-gradu/.venv/lib/python3.12/site-packages/tabicl/model/inference.py", line 1001, in _allocate_output_buffer
    raise RuntimeError(
RuntimeError: CPU memory allocation failed (CUDA error: out of memory
Search for `cudaErrorMemoryAllocation' in https://docs.nvidia.com/cuda/cuda-runtime-api/group__CUDART__TYPES.html for more information.
CUDA kernel errors might be asynchronously reported at some other API call, so the stacktrace below might be incorrect.
For debugging consider passing CUDA_LAUNCH_BLOCKING=1
Compile with `TORCH_USE_CUDA_DSA` to enable device-side assertions.
) and disk offload is not available. Please specify disk_offload_dir in the configuration to enable disk offloading, or reduce the output size (estimated: 24327MB).
exit=1, cells still pending -- relaunching in 30s
=== attempt 49 2026-07-25T05:37:25+03:00 ===
Total: 20  pending: 10  done: 10
eu_cc: 284807 rows, 492 frauds, 5-fold stratified CV (cv_seed=42)

### tabiclv2 n_est=12: 10 cells ###
Traceback (most recent call last):
  File "/home/theo/ds-gradu/.venv/lib/python3.12/site-packages/tabicl/model/inference.py", line 995, in _allocate_output_buffer
    out = torch.empty(shape, dtype=dtype, device="cpu", pin_memory=use_pinned)
          ^^^^^^^^^^^^^^^^^^^^^^^^^^^^^^^^^^^^^^^^^^^^^^^^^^^^^^^^^^^^^^^^^^^^
torch.AcceleratorError: CUDA error: out of memory
Search for `cudaErrorMemoryAllocation' in https://docs.nvidia.com/cuda/cuda-runtime-api/group__CUDART__TYPES.html for more information.
CUDA kernel errors might be asynchronously reported at some other API call, so the stacktrace below might be incorrect.
For debugging consider passing CUDA_LAUNCH_BLOCKING=1
Compile with `TORCH_USE_CUDA_DSA` to enable device-side assertions.


The above exception was the direct cause of the following exception:

Traceback (most recent call last):
  File "/home/theo/ds-gradu/scripts/run_eucc_sota_cv.py", line 213, in <module>
    main()
  File "/home/theo/ds-gradu/scripts/run_eucc_sota_cv.py", line 166, in main
    probs = _predict_proba_batched(mdl, X[te_idx], batch_size=PREDICT_CHUNK)
            ^^^^^^^^^^^^^^^^^^^^^^^^^^^^^^^^^^^^^^^^^^^^^^^^^^^^^^^^^^^^^^^^
  File "/home/theo/ds-gradu/src/experiment/runner.py", line 290, in _predict_proba_batched
    parts.append(model.predict_proba(chunk)[:, 1])
                 ^^^^^^^^^^^^^^^^^^^^^^^^^^
  File "/home/theo/ds-gradu/src/models/ftm.py", line 203, in predict_proba
    proba = self._model.predict_proba(X)
            ^^^^^^^^^^^^^^^^^^^^^^^^^^^^
  File "/home/theo/ds-gradu/.venv/lib/python3.12/site-packages/tabicl/sklearn/classifier.py", line 727, in predict_proba
    outputs.append(self._batch_forward(Xs, ys, feature_shuffles))
                   ^^^^^^^^^^^^^^^^^^^^^^^^^^^^^^^^^^^^^^^^^^^^^
  File "/home/theo/ds-gradu/.venv/lib/python3.12/site-packages/tabicl/sklearn/classifier.py", line 597, in _batch_forward
    out = self.model_(
          ^^^^^^^^^^^^
  File "/home/theo/ds-gradu/.venv/lib/python3.12/site-packages/torch/nn/modules/module.py", line 1779, in _wrapped_call_impl
    return self._call_impl(*args, **kwargs)
           ^^^^^^^^^^^^^^^^^^^^^^^^^^^^^^^^
  File "/home/theo/ds-gradu/.venv/lib/python3.12/site-packages/torch/nn/modules/module.py", line 1790, in _call_impl
    return forward_call(*args, **kwargs)
           ^^^^^^^^^^^^^^^^^^^^^^^^^^^^^
  File "/home/theo/ds-gradu/.venv/lib/python3.12/site-packages/tabicl/model/tabicl.py", line 491, in forward
    out = self._inference_forward(
          ^^^^^^^^^^^^^^^^^^^^^^^^
  File "/home/theo/ds-gradu/.venv/lib/python3.12/site-packages/tabicl/model/tabicl.py", line 402, in _inference_forward
    self.col_embedder(
  File "/home/theo/ds-gradu/.venv/lib/python3.12/site-packages/torch/nn/modules/module.py", line 1779, in _wrapped_call_impl
    return self._call_impl(*args, **kwargs)
           ^^^^^^^^^^^^^^^^^^^^^^^^^^^^^^^^
  File "/home/theo/ds-gradu/.venv/lib/python3.12/site-packages/torch/nn/modules/module.py", line 1790, in _call_impl
    return forward_call(*args, **kwargs)
           ^^^^^^^^^^^^^^^^^^^^^^^^^^^^^
  File "/home/theo/ds-gradu/.venv/lib/python3.12/site-packages/tabicl/model/embedding.py", line 730, in forward
    embeddings = self._inference_forward(X, y_train, embed_with_test, feature_shuffles, mgr_config)
                 ^^^^^^^^^^^^^^^^^^^^^^^^^^^^^^^^^^^^^^^^^^^^^^^^^^^^^^^^^^^^^^^^^^^^^^^^^^^^^^^^^^
  File "/home/theo/ds-gradu/.venv/lib/python3.12/site-packages/tabicl/model/embedding.py", line 570, in _inference_forward
    embeddings = self._inference_with_feature_group(X, y_train, train_size, embed_with_test)
                 ^^^^^^^^^^^^^^^^^^^^^^^^^^^^^^^^^^^^^^^^^^^^^^^^^^^^^^^^^^^^^^^^^^^^^^^^^^^
  File "/home/theo/ds-gradu/.venv/lib/python3.12/site-packages/tabicl/model/embedding.py", line 594, in _inference_with_feature_group
    return self.inference_mgr(
           ^^^^^^^^^^^^^^^^^^^
  File "/home/theo/ds-gradu/.venv/lib/python3.12/site-packages/tabicl/model/inference.py", line 1198, in __call__
    outputs, _ = self._allocate_output_buffer(mode, tuple(output_shape), input_dtype)
                 ^^^^^^^^^^^^^^^^^^^^^^^^^^^^^^^^^^^^^^^^^^^^^^^^^^^^^^^^^^^^^^^^^^^^
  File "/home/theo/ds-gradu/.venv/lib/python3.12/site-packages/tabicl/model/inference.py", line 1001, in _allocate_output_buffer
    raise RuntimeError(
RuntimeError: CPU memory allocation failed (CUDA error: out of memory
Search for `cudaErrorMemoryAllocation' in https://docs.nvidia.com/cuda/cuda-runtime-api/group__CUDART__TYPES.html for more information.
CUDA kernel errors might be asynchronously reported at some other API call, so the stacktrace below might be incorrect.
For debugging consider passing CUDA_LAUNCH_BLOCKING=1
Compile with `TORCH_USE_CUDA_DSA` to enable device-side assertions.
) and disk offload is not available. Please specify disk_offload_dir in the configuration to enable disk offloading, or reduce the output size (estimated: 24327MB).
exit=1, cells still pending -- relaunching in 30s
=== attempt 50 2026-07-25T05:38:01+03:00 ===
Total: 20  pending: 10  done: 10
eu_cc: 284807 rows, 492 frauds, 5-fold stratified CV (cv_seed=42)

### tabiclv2 n_est=12: 10 cells ###
Traceback (most recent call last):
  File "/home/theo/ds-gradu/.venv/lib/python3.12/site-packages/tabicl/model/inference.py", line 995, in _allocate_output_buffer
    out = torch.empty(shape, dtype=dtype, device="cpu", pin_memory=use_pinned)
          ^^^^^^^^^^^^^^^^^^^^^^^^^^^^^^^^^^^^^^^^^^^^^^^^^^^^^^^^^^^^^^^^^^^^
torch.AcceleratorError: CUDA error: out of memory
Search for `cudaErrorMemoryAllocation' in https://docs.nvidia.com/cuda/cuda-runtime-api/group__CUDART__TYPES.html for more information.
CUDA kernel errors might be asynchronously reported at some other API call, so the stacktrace below might be incorrect.
For debugging consider passing CUDA_LAUNCH_BLOCKING=1
Compile with `TORCH_USE_CUDA_DSA` to enable device-side assertions.


The above exception was the direct cause of the following exception:

Traceback (most recent call last):
  File "/home/theo/ds-gradu/scripts/run_eucc_sota_cv.py", line 213, in <module>
    main()
  File "/home/theo/ds-gradu/scripts/run_eucc_sota_cv.py", line 166, in main
    probs = _predict_proba_batched(mdl, X[te_idx], batch_size=PREDICT_CHUNK)
            ^^^^^^^^^^^^^^^^^^^^^^^^^^^^^^^^^^^^^^^^^^^^^^^^^^^^^^^^^^^^^^^^
  File "/home/theo/ds-gradu/src/experiment/runner.py", line 290, in _predict_proba_batched
    parts.append(model.predict_proba(chunk)[:, 1])
                 ^^^^^^^^^^^^^^^^^^^^^^^^^^
  File "/home/theo/ds-gradu/src/models/ftm.py", line 203, in predict_proba
    proba = self._model.predict_proba(X)
            ^^^^^^^^^^^^^^^^^^^^^^^^^^^^
  File "/home/theo/ds-gradu/.venv/lib/python3.12/site-packages/tabicl/sklearn/classifier.py", line 727, in predict_proba
    outputs.append(self._batch_forward(Xs, ys, feature_shuffles))
                   ^^^^^^^^^^^^^^^^^^^^^^^^^^^^^^^^^^^^^^^^^^^^^
  File "/home/theo/ds-gradu/.venv/lib/python3.12/site-packages/tabicl/sklearn/classifier.py", line 597, in _batch_forward
    out = self.model_(
          ^^^^^^^^^^^^
  File "/home/theo/ds-gradu/.venv/lib/python3.12/site-packages/torch/nn/modules/module.py", line 1779, in _wrapped_call_impl
    return self._call_impl(*args, **kwargs)
           ^^^^^^^^^^^^^^^^^^^^^^^^^^^^^^^^
  File "/home/theo/ds-gradu/.venv/lib/python3.12/site-packages/torch/nn/modules/module.py", line 1790, in _call_impl
    return forward_call(*args, **kwargs)
           ^^^^^^^^^^^^^^^^^^^^^^^^^^^^^
  File "/home/theo/ds-gradu/.venv/lib/python3.12/site-packages/tabicl/model/tabicl.py", line 491, in forward
    out = self._inference_forward(
          ^^^^^^^^^^^^^^^^^^^^^^^^
  File "/home/theo/ds-gradu/.venv/lib/python3.12/site-packages/tabicl/model/tabicl.py", line 402, in _inference_forward
    self.col_embedder(
  File "/home/theo/ds-gradu/.venv/lib/python3.12/site-packages/torch/nn/modules/module.py", line 1779, in _wrapped_call_impl
    return self._call_impl(*args, **kwargs)
           ^^^^^^^^^^^^^^^^^^^^^^^^^^^^^^^^
  File "/home/theo/ds-gradu/.venv/lib/python3.12/site-packages/torch/nn/modules/module.py", line 1790, in _call_impl
    return forward_call(*args, **kwargs)
           ^^^^^^^^^^^^^^^^^^^^^^^^^^^^^
  File "/home/theo/ds-gradu/.venv/lib/python3.12/site-packages/tabicl/model/embedding.py", line 730, in forward
    embeddings = self._inference_forward(X, y_train, embed_with_test, feature_shuffles, mgr_config)
                 ^^^^^^^^^^^^^^^^^^^^^^^^^^^^^^^^^^^^^^^^^^^^^^^^^^^^^^^^^^^^^^^^^^^^^^^^^^^^^^^^^^
  File "/home/theo/ds-gradu/.venv/lib/python3.12/site-packages/tabicl/model/embedding.py", line 570, in _inference_forward
    embeddings = self._inference_with_feature_group(X, y_train, train_size, embed_with_test)
                 ^^^^^^^^^^^^^^^^^^^^^^^^^^^^^^^^^^^^^^^^^^^^^^^^^^^^^^^^^^^^^^^^^^^^^^^^^^^
  File "/home/theo/ds-gradu/.venv/lib/python3.12/site-packages/tabicl/model/embedding.py", line 594, in _inference_with_feature_group
    return self.inference_mgr(
           ^^^^^^^^^^^^^^^^^^^
  File "/home/theo/ds-gradu/.venv/lib/python3.12/site-packages/tabicl/model/inference.py", line 1198, in __call__
    outputs, _ = self._allocate_output_buffer(mode, tuple(output_shape), input_dtype)
                 ^^^^^^^^^^^^^^^^^^^^^^^^^^^^^^^^^^^^^^^^^^^^^^^^^^^^^^^^^^^^^^^^^^^^
  File "/home/theo/ds-gradu/.venv/lib/python3.12/site-packages/tabicl/model/inference.py", line 1001, in _allocate_output_buffer
    raise RuntimeError(
RuntimeError: CPU memory allocation failed (CUDA error: out of memory
Search for `cudaErrorMemoryAllocation' in https://docs.nvidia.com/cuda/cuda-runtime-api/group__CUDART__TYPES.html for more information.
CUDA kernel errors might be asynchronously reported at some other API call, so the stacktrace below might be incorrect.
For debugging consider passing CUDA_LAUNCH_BLOCKING=1
Compile with `TORCH_USE_CUDA_DSA` to enable device-side assertions.
) and disk offload is not available. Please specify disk_offload_dir in the configuration to enable disk offloading, or reduce the output size (estimated: 24327MB).
exit=1, cells still pending -- relaunching in 30s
Gave up after 50 attempts; check results/runs_sota_cv/driver.log.
=== attempt 1 2026-07-25T08:33:18+03:00 ===
Total: 20  pending: 9  done: 11
eu_cc: 284807 rows, 492 frauds, 5-fold stratified CV (cv_seed=42)

### tabiclv2 n_est=12: 9 cells ###
  [predict] batch 4/4 | 1247s elapsed | ETA 0s
  [1/9] tabiclv2 fold1 natural ctx=227845 dup=1.0x: PR-AUC=0.9098 R@1=0.9394 (1250s)
  [predict] batch 4/4 | 1251s elapsed | ETA 0s
  [2/9] tabiclv2 fold2 natural ctx=227846 dup=1.0x: PR-AUC=0.8960 R@1=0.9286 (1254s)
  [predict] batch 4/4 | 1264s elapsed | ETA 0s
  [3/9] tabiclv2 fold3 natural ctx=227846 dup=1.0x: PR-AUC=0.8864 R@1=0.9184 (1267s)
  [predict] batch 4/4 | 1249s elapsed | ETA 0s
  [4/9] tabiclv2 fold4 natural ctx=227846 dup=1.0x: PR-AUC=0.8520 R@1=0.8673 (1253s)
  [predict] batch 4/4 | 1288s elapsed | ETA 0s
  [5/9] tabiclv2 fold0 r0.02 ctx=232094 dup=11.8x: PR-AUC=0.8433 R@1=0.8788 (1292s)
  [predict] batch 4/4 | 1290s elapsed | ETA 0s
  [6/9] tabiclv2 fold1 r0.02 ctx=232094 dup=11.8x: PR-AUC=0.9028 R@1=0.9293 (1294s)
  [predict] batch 4/4 | 1290s elapsed | ETA 0s
  [7/9] tabiclv2 fold2 r0.02 ctx=232094 dup=11.8x: PR-AUC=0.8772 R@1=0.9490 (1295s)
  [predict] batch 4/4 | 1286s elapsed | ETA 0s
  [8/9] tabiclv2 fold3 r0.02 ctx=232094 dup=11.8x: PR-AUC=0.8750 R@1=0.9184 (1291s)
  [predict] batch 4/4 | 1288s elapsed | ETA 0s
  [9/9] tabiclv2 fold4 r0.02 ctx=232094 dup=11.8x: PR-AUC=0.8487 R@1=0.8673 (1292s)

All done.
Complete after 1 attempt(s).
